I251128 20:26:41.627993 61 util/log/file_sync_buffer.go:237 ⋮ [config]   file created at: 2025/11/28 20:26:41
I251128 20:26:41.628192 61 util/log/file_sync_buffer.go:237 ⋮ [config]   running on machine: ‹Mac.lan›
I251128 20:26:41.628196 61 util/log/file_sync_buffer.go:237 ⋮ [config]   binary: CockroachDB CCL v25.3.5-dev (darwin arm64, built , go1.23.12 X:nocoverageredesign)
I251128 20:26:41.628199 61 util/log/file_sync_buffer.go:237 ⋮ [config]   arguments: [‹/Users/harris/Documents/cpi-ns/juicer/juicer-cc/cockroach-juicer/cockroach› ‹start› ‹--store=path=cockroach-data/node2,size=5GB› ‹--listen-addr=localhost:26258› ‹--http-addr=localhost:8081› ‹--join=localhost:26257,localhost:26258,localhost:26259› ‹--log-dir=logs/node2› ‹--cluster-name=default› ‹--insecure›]
I251128 20:26:41.628210 61 util/log/file_sync_buffer.go:237 ⋮ [config]   log format (utf8=✓): crdb-v2
I251128 20:26:41.628212 61 util/log/file_sync_buffer.go:237 ⋮ [config]   line format: [IWEF]yymmdd hh:mm:ss.uuuuuu goid [chan@]file:line redactionmark \[tags\] [counter] msg
I251128 20:26:41.627751 61 3@pebble/objstorage/objstorageprovider/remote.go:104 ⋮ [n?,s?,pebble] 1  remote storage configured; no creatorID yet
I251128 20:26:41.636953 61 3@pebble/event.go:1211 ⋮ [n?,s?,pebble] 2  [JOB 1] MANIFEST created 000001
I251128 20:26:41.637167 61 3@pebble/open.go:382 ⋮ [n?,s?,pebble] 3  Found 0 WALs
I251128 20:26:41.640951 61 3@pebble/event.go:1239 ⋮ [n?,s?,pebble] 4  [JOB 1] WAL created 000002
I251128 20:26:41.645006 61 3@pebble/event.go:1207 ⋮ [n?,s?,pebble] 5  upgraded to format version: 014
I251128 20:26:41.647939 61 3@pebble/event.go:1207 ⋮ [n?,s?,pebble] 6  upgraded to format version: 015
I251128 20:26:41.652105 61 3@pebble/event.go:1207 ⋮ [n?,s?,pebble] 7  upgraded to format version: 016
I251128 20:26:41.654966 61 3@pebble/event.go:1207 ⋮ [n?,s?,pebble] 8  upgraded to format version: 017
I251128 20:26:41.658054 61 3@pebble/event.go:1207 ⋮ [n?,s?,pebble] 9  upgraded to format version: 018
I251128 20:26:41.661906 61 3@pebble/event.go:1207 ⋮ [n?,s?,pebble] 10  upgraded to format version: 019
I251128 20:26:41.665899 61 3@pebble/event.go:1207 ⋮ [n?,s?,pebble] 11  upgraded to format version: 020
I251128 20:26:41.670166 61 3@pebble/event.go:1207 ⋮ [n?,s?,pebble] 12  upgraded to format version: 021
I251128 20:26:41.682132 97 3@pebble/event.go:1231 ⋮ [n?,s?,pebble] 13  [JOB 2] all initial table stats loaded
I251128 20:26:41.721870 61 3@pebble/event.go:1211 ⋮ [n?,s?,pebble] 14  [JOB 1] MANIFEST created 000001
I251128 20:26:41.721965 61 3@pebble/open.go:382 ⋮ [n?,s?,pebble] 15  Found 0 WALs
I251128 20:26:41.725890 61 3@pebble/event.go:1239 ⋮ [n?,s?,pebble] 16  [JOB 1] WAL created 000002
I251128 20:26:41.729850 61 3@pebble/event.go:1207 ⋮ [n?,s?,pebble] 17  upgraded to format version: 014
I251128 20:26:41.733838 61 3@pebble/event.go:1207 ⋮ [n?,s?,pebble] 18  upgraded to format version: 015
I251128 20:26:41.741852 61 3@pebble/event.go:1207 ⋮ [n?,s?,pebble] 19  upgraded to format version: 016
I251128 20:26:41.748966 61 3@pebble/event.go:1207 ⋮ [n?,s?,pebble] 20  upgraded to format version: 017
I251128 20:26:41.755909 61 3@pebble/event.go:1207 ⋮ [n?,s?,pebble] 21  upgraded to format version: 018
I251128 20:26:41.762903 61 3@pebble/event.go:1207 ⋮ [n?,s?,pebble] 22  upgraded to format version: 019
I251128 20:26:41.769904 61 3@pebble/event.go:1207 ⋮ [n?,s?,pebble] 23  upgraded to format version: 020
I251128 20:26:41.777841 61 3@pebble/event.go:1207 ⋮ [n?,s?,pebble] 24  upgraded to format version: 021
I251128 20:26:41.804836 147 3@pebble/event.go:1231 ⋮ [n?,s?,pebble] 25  [JOB 2] all initial table stats loaded
I251128 20:26:43.887882 564 3@pebble/event.go:1207 ⋮ [n?,s?,pebble] 26  upgraded to format version: 022
I251128 20:26:43.895928 564 3@pebble/event.go:1207 ⋮ [n?,s?,pebble] 27  upgraded to format version: 023
I251128 20:26:43.904032 564 3@pebble/event.go:1207 ⋮ [n?,s?,pebble] 28  upgraded to format version: 024
I251128 20:26:43.933922 564 3@pebble/objstorage/objstorageprovider/remote.go:192 ⋮ [n?,s3,pebble] 29  remote storage creatorID set to 3
I251128 20:26:49.675132 1932 3@pebble/event.go:1219 ⋮ [n3,s3,pebble] 30  [JOB 3] ingesting: sstable created 000004
I251128 20:26:49.675358 1932 3@pebble/event.go:1219 ⋮ [n3,s3,pebble] 31  [JOB 3] ingesting: sstable created 000009
I251128 20:26:49.675550 1932 3@pebble/event.go:1219 ⋮ [n3,s3,pebble] 32  [JOB 3] ingesting: sstable created 000005
I251128 20:26:49.676157 1932 3@pebble/event.go:1219 ⋮ [n3,s3,pebble] 33  [JOB 3] ingesting: sstable created 000006
I251128 20:26:49.676377 1932 3@pebble/event.go:1219 ⋮ [n3,s3,pebble] 34  [JOB 3] ingesting: sstable created 000007
I251128 20:26:49.680083 1932 3@pebble/event.go:1219 ⋮ [n3,s3,pebble] 35  [JOB 3] ingesting: sstable created 000008
I251128 20:26:49.696948 1932 3@pebble/event.go:1239 ⋮ [n3,s3,pebble] 36  [JOB 4] WAL created 000010
I251128 20:26:49.717999 1932 3@pebble/event.go:1239 ⋮ [n3,s3,pebble] 37  [JOB 5] WAL created 000011
I251128 20:26:49.718065 2103 3@pebble/event.go:1191 ⋮ [n3,s3,pebble] 38  [JOB 6] flushing 1 memtable (235KB) to L0
I251128 20:26:49.718294 2103 3@pebble/event.go:1219 ⋮ [n3,s3,pebble] 39  [JOB 6] flushing: sstable created 000012
I251128 20:26:49.732344 1932 3@pebble/event.go:1227 ⋮ [n3,s3,pebble] 40  [JOB 3] ingested as flushable 000004 (1.4KB), 000009 (1.1KB), 000005 (1.6KB), 000006 (1.0KB), 000007 (1.0KB), 000008 (148KB)
I251128 20:26:49.740124 2103 3@pebble/event.go:1219 ⋮ [n3,s3,pebble] 41  [JOB 6] flushing: sstable created 000013
I251128 20:26:49.754336 2103 3@pebble/event.go:1219 ⋮ [n3,s3,pebble] 42  [JOB 6] flushing: sstable created 000014
I251128 20:26:49.780973 2103 3@pebble/event.go:1195 ⋮ [n3,s3,pebble] 43  [JOB 6] flushed 1 memtable (235KB) to L0 [000012 000013 000014] (66KB), in 0.1s (0.1s total), output rate 1.3MB/s
I251128 20:26:49.781060 2040 3@pebble/event.go:1191 ⋮ [n3,s3,pebble] 44  [JOB 8] flushing 6 ingested tables
I251128 20:26:49.781393 2041 3@pebble/event.go:1179 ⋮ [n3,s3,pebble] 45  [JOB 9] compacting(default) L0 [000013 000014 000012] (66KB) Score=100.00 + L6 [] (0B) Score=0.00; OverlappingRatio: Single 0.00, Multi 0.00
I251128 20:26:49.796065 2040 3@pebble/event.go:1195 ⋮ [n3,s3,pebble] 46  [JOB 8] flushed 8 ingested flushables L0:000004 (1.4KB) + L0:000009 (1.1KB) + L0:000005 (1.6KB) + L0:000006 (1.0KB) + L0:000007 (1.0KB) + L6:000008 (148KB) + L0:000015 (12KB) + L0:000016 (32KB) in 0.0s (0.0s total), output rate 666MB/s
I251128 20:26:49.796107 2041 3@pebble/event.go:1183 ⋮ [n3,s3,pebble] 47  [JOB 9] compaction(default) to L6 error: pebble: compaction cancelled by a concurrent operation, will retry compaction
I251128 20:26:49.796121 2041 3@pebble/compaction.go:2619 ⋮ [n3,s3,pebble] 48  pebble: compaction cancelled by a concurrent operation, will retry compaction
I251128 20:26:49.796164 2042 3@pebble/event.go:1179 ⋮ [n3,s3,pebble] 49  [JOB 11] compacting(default) L0 [000013 000015 000012 000004 000009 000005 000006 000007] (51KB) Score=200.00 + L6 [] (0B) Score=0.00; OverlappingRatio: Single 0.00, Multi 0.00
I251128 20:26:49.796205 2043 3@pebble/event.go:1179 ⋮ [n3,s3,pebble] 50  [JOB 12] compacting(move) L0 [000016] (32KB) Score=100.00 + L6 [] (0B) Score=0.00; OverlappingRatio: Single 0.00, Multi 0.00
I251128 20:26:49.800172 2042 3@pebble/event.go:1219 ⋮ [n3,s3,pebble] 51  [JOB 11] compacting: sstable created 000017
I251128 20:26:49.807977 2043 3@pebble/event.go:1183 ⋮ [n3,s3,pebble] 52  [JOB 12] compacted(move) L0 [000016] (32KB) Score=100.00 + L6 [] (0B) Score=0.00 -> L6 [000016] (32KB), in 0.0s (0.0s total), output rate 26GB/s
I251128 20:26:49.820239 2042 3@pebble/event.go:1219 ⋮ [n3,s3,pebble] 53  [JOB 11] compacting: sstable created 000018
I251128 20:26:49.850965 2042 3@pebble/event.go:1183 ⋮ [n3,s3,pebble] 54  [JOB 11] compacted(default) L0 [000013 000015 000012 000004 000009 000005 000006 000007] (51KB) Score=200.00 + L6 [] (0B) Score=0.00 -> L6 [000017 000018] (30KB), in 0.0s (0.1s total), output rate 693KB/s
I251128 20:26:49.855321 84 3@pebble/event.go:1223 ⋮ [n3,s3,pebble] 55  [JOB 11] sstable deleted 000004
I251128 20:26:49.859358 84 3@pebble/event.go:1223 ⋮ [n3,s3,pebble] 56  [JOB 11] sstable deleted 000005
I251128 20:26:49.859424 84 3@pebble/event.go:1223 ⋮ [n3,s3,pebble] 57  [JOB 11] sstable deleted 000006
I251128 20:26:49.859487 84 3@pebble/event.go:1223 ⋮ [n3,s3,pebble] 58  [JOB 11] sstable deleted 000007
I251128 20:26:49.863322 84 3@pebble/event.go:1223 ⋮ [n3,s3,pebble] 59  [JOB 11] sstable deleted 000009
I251128 20:26:49.866345 84 3@pebble/event.go:1223 ⋮ [n3,s3,pebble] 60  [JOB 11] sstable deleted 000012
I251128 20:26:49.866444 84 3@pebble/event.go:1223 ⋮ [n3,s3,pebble] 61  [JOB 11] sstable deleted 000013
I251128 20:26:53.150119 882 3@pebble/event.go:1239 ⋮ [n3,s3,pebble] 62  [JOB 13] WAL created 000019 (recycled 000002)
I251128 20:26:53.196050 885 3@pebble/event.go:1239 ⋮ [n3,s3,pebble] 63  [JOB 14] WAL created 000020 (recycled 000010)
I251128 20:26:54.023033 894 3@pebble/event.go:1239 ⋮ [n3,s3,pebble] 64  [JOB 15] WAL created 000021
I251128 20:26:57.726219 2803 3@pebble/event.go:1219 ⋮ [n3,s3,pebble] 65  [JOB 16] ingesting: sstable created 000022
I251128 20:26:57.730204 2803 3@pebble/event.go:1219 ⋮ [n3,s3,pebble] 66  [JOB 16] ingesting: sstable created 000027
I251128 20:26:57.734313 2803 3@pebble/event.go:1219 ⋮ [n3,s3,pebble] 67  [JOB 16] ingesting: sstable created 000023
I251128 20:26:57.738306 2803 3@pebble/event.go:1219 ⋮ [n3,s3,pebble] 68  [JOB 16] ingesting: sstable created 000024
I251128 20:26:57.742248 2803 3@pebble/event.go:1219 ⋮ [n3,s3,pebble] 69  [JOB 16] ingesting: sstable created 000025
I251128 20:26:57.746399 2803 3@pebble/event.go:1219 ⋮ [n3,s3,pebble] 70  [JOB 16] ingesting: sstable created 000026
I251128 20:26:57.769071 2803 3@pebble/event.go:1239 ⋮ [n3,s3,pebble] 71  [JOB 17] WAL created 000028
I251128 20:26:57.769138 2737 3@pebble/event.go:1191 ⋮ [n3,s3,pebble] 72  [JOB 18] flushing 4 memtables (3.0MB) to L0
I251128 20:26:57.769305 2737 3@pebble/event.go:1219 ⋮ [n3,s3,pebble] 73  [JOB 18] flushing: sstable created 000029
I251128 20:26:57.789419 2737 3@pebble/event.go:1219 ⋮ [n3,s3,pebble] 74  [JOB 18] flushing: sstable created 000030
I251128 20:26:57.805366 2737 3@pebble/event.go:1219 ⋮ [n3,s3,pebble] 75  [JOB 18] flushing: sstable created 000031
I251128 20:26:57.885104 2737 3@pebble/event.go:1195 ⋮ [n3,s3,pebble] 76  [JOB 18] flushed 4 memtables (3.0MB) to L0 [000029 000030 000031] (265KB), in 0.1s (0.1s total), output rate 2.5MB/s
I251128 20:26:57.885216 2776 3@pebble/event.go:1179 ⋮ [n3,s3,pebble] 77  [JOB 20] compacting(default) L0 [000030 000029] (44KB) Score=100.00 + L6 [000017] (24KB) Score=0.00; OverlappingRatio: Single 0.54, Multi 0.00
I251128 20:26:57.889400 2776 3@pebble/event.go:1219 ⋮ [n3,s3,pebble] 78  [JOB 20] compacting: sstable created 000032
I251128 20:26:57.921101 2776 3@pebble/event.go:1183 ⋮ [n3,s3,pebble] 79  [JOB 20] compacted(default) L0 [000030 000029] (44KB) Score=100.00 + L6 [000017] (24KB) Score=0.00 -> L6 [000032] (45KB), in 0.0s (0.0s total), output rate 1.6MB/s
I251128 20:26:57.921234 2797 3@pebble/event.go:1179 ⋮ [n3,s3,pebble] 80  [JOB 22] compacting(default) L0 [000022 000027 000023 000024 000025] (6.2KB) Score=100.00 + L6 [000032] (45KB) Score=0.00; OverlappingRatio: Single 7.30, Multi 0.00
I251128 20:26:57.921404 2803 3@pebble/event.go:1227 ⋮ [n3,s3,pebble] 81  [JOB 16] ingested L0:000022 (1.4KB), L0:000027 (1.1KB), L0:000023 (1.7KB), L0:000024 (1.0KB), L0:000025 (1.0KB), L6:000026 (122KB), L0:000033 (8.2KB), L0:000034 (206KB)
I251128 20:26:57.921479 84 3@pebble/event.go:1223 ⋮ [n3,s3,pebble] 82  [JOB 20] sstable deleted 000017
I251128 20:26:57.925406 84 3@pebble/event.go:1223 ⋮ [n3,s3,pebble] 83  [JOB 20] sstable deleted 000029
I251128 20:26:57.925480 84 3@pebble/event.go:1223 ⋮ [n3,s3,pebble] 84  [JOB 20] sstable deleted 000030
I251128 20:26:57.925478 2797 3@pebble/event.go:1219 ⋮ [n3,s3,pebble] 85  [JOB 22] compacting: sstable created 000035
I251128 20:26:57.967125 2797 3@pebble/event.go:1183 ⋮ [n3,s3,pebble] 86  [JOB 22] compacted(default) L0 [000022 000027 000023 000024 000025] (6.2KB) Score=100.00 + L6 [000032] (45KB) Score=0.00 -> L6 [000035] (45KB), in 0.0s (0.0s total), output rate 1.1MB/s
I251128 20:26:57.967228 2810 3@pebble/event.go:1179 ⋮ [n3,s3,pebble] 87  [JOB 23] compacting(default) L0 [000033] (8.2KB) Score=100.00 + L6 [000018] (5.8KB) Score=0.00; OverlappingRatio: Single 0.71, Multi 0.00
I251128 20:26:57.971233 84 3@pebble/event.go:1223 ⋮ [n3,s3,pebble] 88  [JOB 22] sstable deleted 000022
I251128 20:26:57.975368 2810 3@pebble/event.go:1219 ⋮ [n3,s3,pebble] 89  [JOB 23] compacting: sstable created 000036
I251128 20:26:57.975401 84 3@pebble/event.go:1223 ⋮ [n3,s3,pebble] 90  [JOB 22] sstable deleted 000023
I251128 20:26:57.978598 84 3@pebble/event.go:1223 ⋮ [n3,s3,pebble] 91  [JOB 22] sstable deleted 000024
I251128 20:26:57.981574 84 3@pebble/event.go:1223 ⋮ [n3,s3,pebble] 92  [JOB 22] sstable deleted 000025
I251128 20:26:57.989451 84 3@pebble/event.go:1223 ⋮ [n3,s3,pebble] 93  [JOB 22] sstable deleted 000027
I251128 20:26:57.993554 84 3@pebble/event.go:1223 ⋮ [n3,s3,pebble] 94  [JOB 22] sstable deleted 000032
I251128 20:26:58.007162 2810 3@pebble/event.go:1183 ⋮ [n3,s3,pebble] 95  [JOB 23] compacted(default) L0 [000033] (8.2KB) Score=100.00 + L6 [000018] (5.8KB) Score=0.00 -> L6 [000036] (8.3KB), in 0.0s (0.0s total), output rate 280KB/s
I251128 20:26:58.007237 2655 3@pebble/event.go:1179 ⋮ [n3,s3,pebble] 96  [JOB 24] compacting(default) L0 [000034] (206KB) Score=100.00 + L6 [000008 000016] (180KB) Score=0.00; OverlappingRatio: Single 0.87, Multi 0.00
I251128 20:26:58.007544 84 3@pebble/event.go:1223 ⋮ [n3,s3,pebble] 97  [JOB 23] sstable deleted 000018
I251128 20:26:58.015271 2655 3@pebble/event.go:1219 ⋮ [n3,s3,pebble] 98  [JOB 24] compacting: sstable created 000037
I251128 20:26:58.137088 2655 3@pebble/event.go:1183 ⋮ [n3,s3,pebble] 99  [JOB 24] compacted(default) L0 [000034] (206KB) Score=100.00 + L6 [000008 000016] (180KB) Score=0.00 -> L6 [000037] (196KB), in 0.1s (0.1s total), output rate 1.6MB/s
I251128 20:26:58.137346 84 3@pebble/event.go:1223 ⋮ [n3,s3,pebble] 100  [JOB 24] sstable deleted 000008
I251128 20:26:58.141547 84 3@pebble/event.go:1223 ⋮ [n3,s3,pebble] 101  [JOB 24] sstable deleted 000014
I251128 20:26:58.145523 84 3@pebble/event.go:1223 ⋮ [n3,s3,pebble] 102  [JOB 24] sstable deleted 000031
I251128 20:27:03.957835 937 3@kv/kvserver/store.go:3799 ⋮ [T1,Vsystem,n3,s3] 103  Pebble metrics:
I251128 20:27:03.957835 937 3@kv/kvserver/store.go:3799 ⋮ [T1,Vsystem,n3,s3] 103 +      |                             |                |       |   ingested   |     moved    |    written   |       |    amp   |    val sep
I251128 20:27:03.957835 937 3@kv/kvserver/store.go:3799 ⋮ [T1,Vsystem,n3,s3] 103 +level | tables  size val-bl vtables | score  ff  cff |   in  | tables  size | tables  size | tables  size |  read |   r   w  | refsz  valblk
I251128 20:27:03.957835 937 3@kv/kvserver/store.go:3799 ⋮ [T1,Vsystem,n3,s3] 103 +------+-----------------------------+----------------+-------+--------------+--------------+--------------+-------+----------+--------------
I251128 20:27:03.957835 937 3@kv/kvserver/store.go:3799 ⋮ [T1,Vsystem,n3,s3] 103 +    0 |     0     0B     0B       0 |    -    0    0 | 2.8MB |    10   12KB |     0     0B |     6  332KB |    0B |   0 0.12 |    0B      0B
I251128 20:27:03.957835 937 3@kv/kvserver/store.go:3799 ⋮ [T1,Vsystem,n3,s3] 103 +    1 |     0     0B     0B       0 |    -    0    0 |    0B |     0     0B |     0     0B |     0     0B |    0B |   0    0 |    0B      0B
I251128 20:27:03.957835 937 3@kv/kvserver/store.go:3799 ⋮ [T1,Vsystem,n3,s3] 103 +    2 |     0     0B     0B       0 |    -    0    0 |    0B |     0     0B |     0     0B |     0     0B |    0B |   0    0 |    0B      0B
I251128 20:27:03.957835 937 3@kv/kvserver/store.go:3799 ⋮ [T1,Vsystem,n3,s3] 103 +    3 |     0     0B     0B       0 |    -    0    0 |    0B |     0     0B |     0     0B |     0     0B |    0B |   0    0 |    0B      0B
I251128 20:27:03.957835 937 3@kv/kvserver/store.go:3799 ⋮ [T1,Vsystem,n3,s3] 103 +    4 |     0     0B     0B       0 |    -    0    0 |    0B |     0     0B |     0     0B |     0     0B |    0B |   0    0 |    0B      0B
I251128 20:27:03.957835 937 3@kv/kvserver/store.go:3799 ⋮ [T1,Vsystem,n3,s3] 103 +    5 |     0     0B     0B       0 |    -    0    0 |    0B |     0     0B |     0     0B |     0     0B |    0B |   0    0 |    0B      0B
I251128 20:27:03.957835 937 3@kv/kvserver/store.go:3799 ⋮ [T1,Vsystem,n3,s3] 103 +    6 |     4  372KB  4.7KB       0 |    - 0.01 0.01 | 316KB |     2  270KB |     1   32KB |     6  325KB | 571KB |   1 1.03 |    0B   4.7KB
I251128 20:27:03.957835 937 3@kv/kvserver/store.go:3799 ⋮ [T1,Vsystem,n3,s3] 103 +total |     4  372KB  4.7KB       0 |    -    -    - | 5.5MB |    12  283KB |     1   32KB |    12  6.1MB | 571KB |   1 1.12 |    0B   4.7KB
I251128 20:27:03.957835 937 3@kv/kvserver/store.go:3799 ⋮ [T1,Vsystem,n3,s3] 103 +--------------------------------------------------------------------------------------------------------------------------------------------
I251128 20:27:03.957835 937 3@kv/kvserver/store.go:3799 ⋮ [T1,Vsystem,n3,s3] 103 +WAL: 1 files (2.4MB)  in: 5.1MB  written: 5.2MB (1% overhead)
I251128 20:27:03.957835 937 3@kv/kvserver/store.go:3799 ⋮ [T1,Vsystem,n3,s3] 103 +Flushes: 3
I251128 20:27:03.957835 937 3@kv/kvserver/store.go:3799 ⋮ [T1,Vsystem,n3,s3] 103 +Compactions: 7  estimated debt: 0B  in progress: 0 (0B)  canceled: 1 (0B)  failed: 0  problem spans: 0
I251128 20:27:03.957835 937 3@kv/kvserver/store.go:3799 ⋮ [T1,Vsystem,n3,s3] 103 +             default: 6  delete: 0  elision: 0  move: 1  read: 0  tombstone-density: 0  rewrite: 0  copy: 0  multi-level: 0  blob-file-rewrite:  0
I251128 20:27:03.957835 937 3@kv/kvserver/store.go:3799 ⋮ [T1,Vsystem,n3,s3] 103 +MemTables: 1 (4.0MB)  zombie: 1 (4.0MB)
I251128 20:27:03.957835 937 3@kv/kvserver/store.go:3799 ⋮ [T1,Vsystem,n3,s3] 103 +Zombie tables: 0 (0B, local: 0B)
I251128 20:27:03.957835 937 3@kv/kvserver/store.go:3799 ⋮ [T1,Vsystem,n3,s3] 103 +Backing tables: 0 (0B)
I251128 20:27:03.957835 937 3@kv/kvserver/store.go:3799 ⋮ [T1,Vsystem,n3,s3] 103 +Virtual tables: 0 (0B)
I251128 20:27:03.957835 937 3@kv/kvserver/store.go:3799 ⋮ [T1,Vsystem,n3,s3] 103 +Local tables size: 372KB
I251128 20:27:03.957835 937 3@kv/kvserver/store.go:3799 ⋮ [T1,Vsystem,n3,s3] 103 +Compression types: unknown: 4
I251128 20:27:03.957835 937 3@kv/kvserver/store.go:3799 ⋮ [T1,Vsystem,n3,s3] 103 +Table stats: all loaded
I251128 20:27:03.957835 937 3@kv/kvserver/store.go:3799 ⋮ [T1,Vsystem,n3,s3] 103 +Block cache: 13 entries (289KB)  hit rate: 92.3%
I251128 20:27:03.957835 937 3@kv/kvserver/store.go:3799 ⋮ [T1,Vsystem,n3,s3] 103 +File cache: 3 tables, 0 blobfiles (1.5KB)  hit rate: 99.1%
I251128 20:27:03.957835 937 3@kv/kvserver/store.go:3799 ⋮ [T1,Vsystem,n3,s3] 103 +Range key sets: 0  Tombstones: 0  Total missized tombstones encountered: 0
I251128 20:27:03.957835 937 3@kv/kvserver/store.go:3799 ⋮ [T1,Vsystem,n3,s3] 103 +Snapshots: 0  earliest seq num: 0
I251128 20:27:03.957835 937 3@kv/kvserver/store.go:3799 ⋮ [T1,Vsystem,n3,s3] 103 +Table iters: 0
I251128 20:27:03.957835 937 3@kv/kvserver/store.go:3799 ⋮ [T1,Vsystem,n3,s3] 103 +Filter utility: 24.1%
I251128 20:27:03.957835 937 3@kv/kvserver/store.go:3799 ⋮ [T1,Vsystem,n3,s3] 103 +Ingestions: 2  as flushable: 1 (155KB in 6 tables)
I251128 20:27:03.957835 937 3@kv/kvserver/store.go:3799 ⋮ [T1,Vsystem,n3,s3] 103 +Cgo memory usage: 8.6MB  block cache: 313KB (data: 289KB, maps: 16KB, entries: 6.7KB)  memtables: 8.3MB
I251128 20:27:04.022194 884 3@pebble/event.go:1239 ⋮ [n3,s3,pebble] 104  [JOB 25] WAL created 000038 (recycled 000011)
I251128 20:27:08.435623 3551 3@pebble/event.go:1191 ⋮ [n3,s3,pebble] 105  [JOB 26] flushing 1 memtable (3.2MB) to L0
I251128 20:27:08.440758 3551 3@pebble/event.go:1219 ⋮ [n3,s3,pebble] 106  [JOB 26] flushing: sstable created 000039
I251128 20:27:08.481632 3551 3@pebble/event.go:1219 ⋮ [n3,s3,pebble] 107  [JOB 26] flushing: sstable created 000040
I251128 20:27:08.500393 3551 3@pebble/event.go:1219 ⋮ [n3,s3,pebble] 108  [JOB 26] flushing: sstable created 000041
I251128 20:27:08.614289 3551 3@pebble/event.go:1195 ⋮ [n3,s3,pebble] 109  [JOB 26] flushed 1 memtable (3.2MB) to L0 [000039 000040 000041] (384KB), in 0.2s (0.2s total), output rate 2.2MB/s
I251128 20:27:08.614375 3497 3@pebble/event.go:1179 ⋮ [n3,s3,pebble] 110  [JOB 28] compacting(default) L0 [000040 000039] (146KB) Score=100.00 + L6 [000035] (45KB) Score=0.00; OverlappingRatio: Single 0.31, Multi 0.00
I251128 20:27:08.622578 3497 3@pebble/event.go:1219 ⋮ [n3,s3,pebble] 111  [JOB 28] compacting: sstable created 000042
I251128 20:27:08.679268 3497 3@pebble/event.go:1183 ⋮ [n3,s3,pebble] 112  [JOB 28] compacted(default) L0 [000040 000039] (146KB) Score=100.00 + L6 [000035] (45KB) Score=0.00 -> L6 [000042] (179KB), in 0.1s (0.1s total), output rate 3.1MB/s
I251128 20:27:08.679409 3534 3@pebble/event.go:1179 ⋮ [n3,s3,pebble] 113  [JOB 29] compacting(default) L0 [000041] (239KB) Score=100.00 + L6 [000036 000026 000037] (326KB) Score=0.00; OverlappingRatio: Single 1.37, Multi 0.00
I251128 20:27:08.679603 84 3@pebble/event.go:1223 ⋮ [n3,s3,pebble] 114  [JOB 28] sstable deleted 000035
I251128 20:27:08.683601 84 3@pebble/event.go:1223 ⋮ [n3,s3,pebble] 115  [JOB 28] sstable deleted 000039
I251128 20:27:08.687671 84 3@pebble/event.go:1223 ⋮ [n3,s3,pebble] 116  [JOB 28] sstable deleted 000040
I251128 20:27:08.687632 3534 3@pebble/event.go:1219 ⋮ [n3,s3,pebble] 117  [JOB 29] compacting: sstable created 000043
I251128 20:27:08.845326 3534 3@pebble/event.go:1183 ⋮ [n3,s3,pebble] 118  [JOB 29] compacted(default) L0 [000041] (239KB) Score=100.00 + L6 [000036 000026 000037] (326KB) Score=0.00 -> L6 [000043] (345KB), in 0.2s (0.2s total), output rate 2.2MB/s
I251128 20:27:08.848526 84 3@pebble/event.go:1223 ⋮ [n3,s3,pebble] 119  [JOB 29] sstable deleted 000026
I251128 20:27:08.852648 84 3@pebble/event.go:1223 ⋮ [n3,s3,pebble] 120  [JOB 29] sstable deleted 000036
I251128 20:27:08.856654 84 3@pebble/event.go:1223 ⋮ [n3,s3,pebble] 121  [JOB 29] sstable deleted 000037
I251128 20:27:08.860674 84 3@pebble/event.go:1223 ⋮ [n3,s3,pebble] 122  [JOB 29] sstable deleted 000041
I251128 20:27:11.867572 4116 3@pebble/event.go:1219 ⋮ [n3,s3,pebble] 123  [JOB 30] ingesting: sstable created 000044
I251128 20:27:11.870333 4116 3@pebble/event.go:1219 ⋮ [n3,s3,pebble] 124  [JOB 30] ingesting: sstable created 000049
I251128 20:27:11.870743 4116 3@pebble/event.go:1219 ⋮ [n3,s3,pebble] 125  [JOB 30] ingesting: sstable created 000045
I251128 20:27:11.873611 4116 3@pebble/event.go:1219 ⋮ [n3,s3,pebble] 126  [JOB 30] ingesting: sstable created 000046
I251128 20:27:11.877551 4116 3@pebble/event.go:1219 ⋮ [n3,s3,pebble] 127  [JOB 30] ingesting: sstable created 000047
I251128 20:27:11.881609 4116 3@pebble/event.go:1219 ⋮ [n3,s3,pebble] 128  [JOB 30] ingesting: sstable created 000048
I251128 20:27:11.912263 4116 3@pebble/event.go:1239 ⋮ [n3,s3,pebble] 129  [JOB 31] WAL created 000050 (recycled 000019)
I251128 20:27:11.939363 4116 3@pebble/event.go:1239 ⋮ [n3,s3,pebble] 130  [JOB 32] WAL created 000051 (recycled 000020)
I251128 20:27:11.939461 4060 3@pebble/event.go:1191 ⋮ [n3,s3,pebble] 131  [JOB 33] flushing 1 memtable (1.3MB) to L0
I251128 20:27:11.943652 4060 3@pebble/event.go:1219 ⋮ [n3,s3,pebble] 132  [JOB 33] flushing: sstable created 000052
I251128 20:27:11.943757 4116 3@pebble/event.go:1227 ⋮ [n3,s3,pebble] 133  [JOB 30] ingested as flushable 000044 (1.4KB), 000049 (1.1KB), 000045 (1.9KB), 000046 (1.0KB), 000047 (1.3KB), 000048 (223KB)
I251128 20:27:11.986476 4060 3@pebble/event.go:1219 ⋮ [n3,s3,pebble] 134  [JOB 33] flushing: sstable created 000053
I251128 20:27:12.008592 4060 3@pebble/event.go:1219 ⋮ [n3,s3,pebble] 135  [JOB 33] flushing: sstable created 000054
I251128 20:27:12.105267 4060 3@pebble/event.go:1195 ⋮ [n3,s3,pebble] 136  [JOB 33] flushed 1 memtable (1.3MB) to L0 [000052 000053 000054] (253KB), in 0.2s (0.2s total), output rate 1.6MB/s
I251128 20:27:12.105382 4158 3@pebble/event.go:1179 ⋮ [n3,s3,pebble] 137  [JOB 35] compacting(default) L0 [000053 000052] (70KB) Score=100.00 + L6 [000042] (179KB) Score=0.00; OverlappingRatio: Single 2.56, Multi 0.00
I251128 20:27:12.105427 4157 3@pebble/event.go:1191 ⋮ [n3,s3,pebble] 138  [JOB 36] flushing 6 ingested tables
I251128 20:27:12.112628 4158 3@pebble/event.go:1219 ⋮ [n3,s3,pebble] 139  [JOB 35] compacting: sstable created 000057
I251128 20:27:12.124293 4157 3@pebble/event.go:1195 ⋮ [n3,s3,pebble] 140  [JOB 36] flushed 10 ingested flushables L0:000044 (1.4KB) + L0:000049 (1.1KB) + L0:000045 (1.9KB) + L0:000046 (1.0KB) + L0:000047 (1.3KB) + L6:000048 (223KB) + L0:000055 (120KB) + L0:000056 (62KB) + L6:000058 (297KB) + L6:000059 (38KB) in 0.0s (0.0s total), output rate 2.2GB/s
I251128 20:27:12.124447 4042 3@pebble/event.go:1179 ⋮ [n3,s3,pebble] 141  [JOB 38] compacting(default) L0 [000056] (62KB) Score=70.55 + L6 [000059] (38KB) Score=0.00; OverlappingRatio: Single 0.62, Multi 0.00
I251128 20:27:12.124570 4041 3@pebble/event.go:1179 ⋮ [n3,s3,pebble] 142  [JOB 39] compacting(default) L0 [000055] (120KB) Score=81.06 + L6 [000058] (297KB) Score=0.00; OverlappingRatio: Single 2.47, Multi 0.00
I251128 20:27:12.128573 4042 3@pebble/event.go:1219 ⋮ [n3,s3,pebble] 143  [JOB 38] compacting: sstable created 000060
I251128 20:27:12.132590 4041 3@pebble/event.go:1219 ⋮ [n3,s3,pebble] 144  [JOB 39] compacting: sstable created 000061
I251128 20:27:12.189287 4158 3@pebble/event.go:1183 ⋮ [n3,s3,pebble] 145  [JOB 35] compacted(default) L0 [000053 000052] (70KB) Score=100.00 + L6 [000042] (179KB) Score=0.00 -> L6 [000057] (110KB), in 0.1s (0.1s total), output rate 1.5MB/s
I251128 20:27:12.200287 4042 3@pebble/event.go:1183 ⋮ [n3,s3,pebble] 146  [JOB 38] compacted(default) L0 [000056] (62KB) Score=70.55 + L6 [000059] (38KB) Score=0.00 -> L6 [000060] (83KB), in 0.1s (0.1s total), output rate 1.3MB/s
I251128 20:27:12.298243 4041 3@pebble/event.go:1183 ⋮ [n3,s3,pebble] 147  [JOB 39] compacted(default) L0 [000055] (120KB) Score=81.06 + L6 [000058] (297KB) Score=0.00 -> L6 [000061] (318KB), in 0.2s (0.2s total), output rate 1.9MB/s
I251128 20:27:12.298403 4109 3@pebble/event.go:1179 ⋮ [n3,s3,pebble] 148  [JOB 40] compacting(default) L0 [000044 000049 000045 000046 000047] (6.7KB) Score=89.35 + L6 [000057] (110KB) Score=0.00; OverlappingRatio: Single 16.38, Multi 0.00
I251128 20:27:12.301778 84 3@pebble/event.go:1223 ⋮ [n3,s3,pebble] 149  [JOB 39] sstable deleted 000042
I251128 20:27:12.305601 84 3@pebble/event.go:1223 ⋮ [n3,s3,pebble] 150  [JOB 39] sstable deleted 000043
I251128 20:27:12.309740 4109 3@pebble/event.go:1219 ⋮ [n3,s3,pebble] 151  [JOB 40] compacting: sstable created 000062
I251128 20:27:12.309814 84 3@pebble/event.go:1223 ⋮ [n3,s3,pebble] 152  [JOB 39] sstable deleted 000052
I251128 20:27:12.313626 84 3@pebble/event.go:1223 ⋮ [n3,s3,pebble] 153  [JOB 39] sstable deleted 000053
I251128 20:27:12.317144 84 3@pebble/event.go:1223 ⋮ [n3,s3,pebble] 154  [JOB 39] sstable deleted 000054
I251128 20:27:12.365663 4109 3@pebble/event.go:1219 ⋮ [n3,s3,pebble] 155  [JOB 40] compacting: sstable created 000063
I251128 20:27:12.394477 4109 3@pebble/event.go:1183 ⋮ [n3,s3,pebble] 156  [JOB 40] compacted(default) L0 [000044 000049 000045 000046 000047] (6.7KB) Score=89.35 + L6 [000057] (110KB) Score=0.00 -> L6 [000062 000063] (110KB), in 0.1s (0.1s total), output rate 1.2MB/s
I251128 20:27:12.394766 84 3@pebble/event.go:1223 ⋮ [n3,s3,pebble] 157  [JOB 40] sstable deleted 000044
I251128 20:27:12.398262 84 3@pebble/event.go:1223 ⋮ [n3,s3,pebble] 158  [JOB 40] sstable deleted 000045
I251128 20:27:12.398575 84 3@pebble/event.go:1223 ⋮ [n3,s3,pebble] 159  [JOB 40] sstable deleted 000046
I251128 20:27:12.398681 84 3@pebble/event.go:1223 ⋮ [n3,s3,pebble] 160  [JOB 40] sstable deleted 000047
I251128 20:27:12.401778 84 3@pebble/event.go:1223 ⋮ [n3,s3,pebble] 161  [JOB 40] sstable deleted 000049
I251128 20:27:12.404568 84 3@pebble/event.go:1223 ⋮ [n3,s3,pebble] 162  [JOB 40] sstable deleted 000057
I251128 20:27:22.609438 4180 3@pebble/event.go:1239 ⋮ [n3,s3,pebble] 163  [JOB 41] WAL created 000064 (recycled 000021)
I251128 20:27:22.609574 4501 3@pebble/event.go:1191 ⋮ [n3,s3,pebble] 164  [JOB 42] flushing 1 memtable (4.9MB) to L0
I251128 20:27:22.619785 4501 3@pebble/event.go:1219 ⋮ [n3,s3,pebble] 165  [JOB 42] flushing: sstable created 000065
I251128 20:27:22.668821 4501 3@pebble/event.go:1219 ⋮ [n3,s3,pebble] 166  [JOB 42] flushing: sstable created 000066
I251128 20:27:22.690723 4501 3@pebble/event.go:1219 ⋮ [n3,s3,pebble] 167  [JOB 42] flushing: sstable created 000067
I251128 20:27:22.851429 4501 3@pebble/event.go:1195 ⋮ [n3,s3,pebble] 168  [JOB 42] flushed 1 memtable (4.9MB) to L0 [000065 000066 000067] (542KB), in 0.2s (0.2s total), output rate 2.3MB/s
I251128 20:27:22.851549 4411 3@pebble/event.go:1179 ⋮ [n3,s3,pebble] 169  [JOB 44] compacting(default) L0 [000065] (174KB) Score=89.34 + L6 [000062] (109KB) Score=0.00; OverlappingRatio: Single 0.63, Multi 0.00
I251128 20:27:22.859707 4411 3@pebble/event.go:1219 ⋮ [n3,s3,pebble] 170  [JOB 44] compacting: sstable created 000068
I251128 20:27:22.922436 4411 3@pebble/event.go:1183 ⋮ [n3,s3,pebble] 171  [JOB 44] compacted(default) L0 [000065] (174KB) Score=89.34 + L6 [000062] (109KB) Score=0.00 -> L6 [000068] (239KB), in 0.1s (0.1s total), output rate 4.2MB/s
I251128 20:27:22.922560 4412 3@pebble/event.go:1179 ⋮ [n3,s3,pebble] 172  [JOB 45] compacting(default) L0 [000066] (1.7KB) Score=75.83 + L6 [000063] (1.1KB) Score=0.00; OverlappingRatio: Single 0.67, Multi 0.00
I251128 20:27:22.922689 84 3@pebble/event.go:1223 ⋮ [n3,s3,pebble] 173  [JOB 44] sstable deleted 000062
I251128 20:27:22.926714 84 3@pebble/event.go:1223 ⋮ [n3,s3,pebble] 174  [JOB 44] sstable deleted 000065
I251128 20:27:22.930841 4412 3@pebble/event.go:1219 ⋮ [n3,s3,pebble] 175  [JOB 45] compacting: sstable created 000069
I251128 20:27:22.961429 4412 3@pebble/event.go:1183 ⋮ [n3,s3,pebble] 176  [JOB 45] compacted(default) L0 [000066] (1.7KB) Score=75.83 + L6 [000063] (1.1KB) Score=0.00 -> L6 [000069] (1.1KB), in 0.0s (0.0s total), output rate 38KB/s
I251128 20:27:22.961553 4415 3@pebble/event.go:1179 ⋮ [n3,s3,pebble] 177  [JOB 46] compacting(default) L0 [000067] (367KB) Score=75.83 + L6 [000061 000048 000060] (624KB) Score=0.00; OverlappingRatio: Single 1.70, Multi 0.00
I251128 20:27:22.961780 84 3@pebble/event.go:1223 ⋮ [n3,s3,pebble] 178  [JOB 45] sstable deleted 000063
I251128 20:27:22.965709 84 3@pebble/event.go:1223 ⋮ [n3,s3,pebble] 179  [JOB 45] sstable deleted 000066
I251128 20:27:22.977758 4415 3@pebble/event.go:1219 ⋮ [n3,s3,pebble] 180  [JOB 46] compacting: sstable created 000070
I251128 20:27:23.218426 4415 3@pebble/event.go:1183 ⋮ [n3,s3,pebble] 181  [JOB 46] compacted(default) L0 [000067] (367KB) Score=75.83 + L6 [000061 000048 000060] (624KB) Score=0.00 -> L6 [000070] (656KB), in 0.2s (0.3s total), output rate 2.6MB/s
I251128 20:27:23.218807 84 3@pebble/event.go:1223 ⋮ [n3,s3,pebble] 182  [JOB 46] sstable deleted 000048
I251128 20:27:23.221974 84 3@pebble/event.go:1223 ⋮ [n3,s3,pebble] 183  [JOB 46] sstable deleted 000060
I251128 20:27:23.225717 84 3@pebble/event.go:1223 ⋮ [n3,s3,pebble] 184  [JOB 46] sstable deleted 000061
I251128 20:27:23.225802 84 3@pebble/event.go:1223 ⋮ [n3,s3,pebble] 185  [JOB 46] sstable deleted 000067
I251128 20:27:51.083904 887 3@pebble/event.go:1239 ⋮ [n3,s3,pebble] 186  [JOB 47] WAL created 000071 (recycled 000028)
I251128 20:28:53.400695 882 3@pebble/event.go:1239 ⋮ [n3,s3,pebble] 187  [JOB 48] WAL created 000072 (recycled 000038)
I251128 20:28:53.400813 10488 3@pebble/event.go:1191 ⋮ [n3,s3,pebble] 188  [JOB 49] flushing 2 memtables (48MB) to L0
I251128 20:28:53.405024 10488 3@pebble/event.go:1219 ⋮ [n3,s3,pebble] 189  [JOB 49] flushing: sstable created 000073
I251128 20:28:53.550991 10488 3@pebble/event.go:1219 ⋮ [n3,s3,pebble] 190  [JOB 49] flushing: sstable created 000074
I251128 20:28:53.568872 10488 3@pebble/event.go:1219 ⋮ [n3,s3,pebble] 191  [JOB 49] flushing: sstable created 000075
I251128 20:28:53.935689 10488 3@pebble/event.go:1195 ⋮ [n3,s3,pebble] 192  [JOB 49] flushed 2 memtables (48MB) to L0 [000073 000074 000075] (1.2MB), in 0.5s (0.5s total), output rate 2.4MB/s
I251128 20:28:53.936411 10515 3@pebble/event.go:1179 ⋮ [n3,s3,pebble] 193  [JOB 51] compacting(default) L0 [000073] (512KB) Score=73.11 + L6 [000068] (239KB) Score=0.00; OverlappingRatio: Single 0.47, Multi 0.00
I251128 20:28:53.943971 10515 3@pebble/event.go:1219 ⋮ [n3,s3,pebble] 194  [JOB 51] compacting: sstable created 000076
I251128 20:28:54.055700 10515 3@pebble/event.go:1183 ⋮ [n3,s3,pebble] 195  [JOB 51] compacted(default) L0 [000073] (512KB) Score=73.11 + L6 [000068] (239KB) Score=0.00 -> L6 [000076] (317KB), in 0.1s (0.1s total), output rate 3.0MB/s
I251128 20:28:54.055782 10256 3@pebble/event.go:1179 ⋮ [n3,s3,pebble] 196  [JOB 52] compacting(default) L0 [000074] (4.3KB) Score=67.25 + L6 [000069] (1.1KB) Score=0.00; OverlappingRatio: Single 0.25, Multi 0.00
I251128 20:28:54.056108 84 3@pebble/event.go:1223 ⋮ [n3,s3,pebble] 197  [JOB 53] sstable deleted 000068
I251128 20:28:54.060072 10256 3@pebble/event.go:1219 ⋮ [n3,s3,pebble] 198  [JOB 52] compacting: sstable created 000077
I251128 20:28:54.060119 84 3@pebble/event.go:1223 ⋮ [n3,s3,pebble] 199  [JOB 53] sstable deleted 000073
I251128 20:28:54.091705 10256 3@pebble/event.go:1183 ⋮ [n3,s3,pebble] 200  [JOB 52] compacted(default) L0 [000074] (4.3KB) Score=67.25 + L6 [000069] (1.1KB) Score=0.00 -> L6 [000077] (1.7KB), in 0.0s (0.0s total), output rate 70KB/s
I251128 20:28:54.091767 10547 3@pebble/event.go:1179 ⋮ [n3,s3,pebble] 201  [JOB 54] compacting(default) L0 [000075] (760KB) Score=67.21 + L6 [000070] (656KB) Score=0.00; OverlappingRatio: Single 0.86, Multi 0.00
I251128 20:28:54.092091 84 3@pebble/event.go:1223 ⋮ [n3,s3,pebble] 202  [JOB 52] sstable deleted 000069
I251128 20:28:54.100078 10547 3@pebble/event.go:1219 ⋮ [n3,s3,pebble] 203  [JOB 54] compacting: sstable created 000078
I251128 20:28:54.100100 84 3@pebble/event.go:1223 ⋮ [n3,s3,pebble] 204  [JOB 52] sstable deleted 000074
I251128 20:28:54.548757 10547 3@pebble/event.go:1183 ⋮ [n3,s3,pebble] 205  [JOB 54] compacted(default) L0 [000075] (760KB) Score=67.21 + L6 [000070] (656KB) Score=0.00 -> L6 [000078] (1.0MB), in 0.4s (0.5s total), output rate 2.3MB/s
I251128 20:28:54.549144 84 3@pebble/event.go:1223 ⋮ [n3,s3,pebble] 206  [JOB 54] sstable deleted 000070
I251128 20:28:54.553723 84 3@pebble/event.go:1223 ⋮ [n3,s3,pebble] 207  [JOB 54] sstable deleted 000075
I251128 20:31:13.159512 894 3@pebble/event.go:1239 ⋮ [n3,s3,pebble] 208  [JOB 55] WAL created 000079 (recycled 000050)
I251128 20:31:13.160469 14645 3@pebble/event.go:1191 ⋮ [n3,s3,pebble] 209  [JOB 56] flushing 1 memtable (64MB) to L0
I251128 20:31:13.163662 14645 3@pebble/event.go:1219 ⋮ [n3,s3,pebble] 210  [JOB 56] flushing: sstable created 000080
I251128 20:31:13.233867 14645 3@pebble/event.go:1219 ⋮ [n3,s3,pebble] 211  [JOB 56] flushing: sstable created 000081
I251128 20:31:13.253904 14645 3@pebble/event.go:1219 ⋮ [n3,s3,pebble] 212  [JOB 56] flushing: sstable created 000082
I251128 20:31:13.545546 14645 3@pebble/event.go:1195 ⋮ [n3,s3,pebble] 213  [JOB 56] flushed 1 memtable (64MB) to L0 [000080 000081 000082] (1.2MB), in 0.4s (0.4s total), output rate 3.1MB/s
I251128 20:31:13.545621 14634 3@pebble/event.go:1179 ⋮ [n3,s3,pebble] 214  [JOB 58] compacting(default) L0 [000080] (419KB) Score=47.52 + L6 [000076] (317KB) Score=0.00; OverlappingRatio: Single 0.76, Multi 0.00
I251128 20:31:13.545666 14722 3@pebble/event.go:1179 ⋮ [n3,s3,pebble] 215  [JOB 59] compacting(default) L0 [000081] (2.1KB) Score=36.46 + L6 [000077] (1.7KB) Score=0.00; OverlappingRatio: Single 0.82, Multi 0.00
I251128 20:31:13.553787 14722 3@pebble/event.go:1219 ⋮ [n3,s3,pebble] 216  [JOB 59] compacting: sstable created 000083
I251128 20:31:13.557870 14634 3@pebble/event.go:1219 ⋮ [n3,s3,pebble] 217  [JOB 58] compacting: sstable created 000084
I251128 20:31:13.585514 14722 3@pebble/event.go:1183 ⋮ [n3,s3,pebble] 218  [JOB 59] compacted(default) L0 [000081] (2.1KB) Score=36.46 + L6 [000077] (1.7KB) Score=0.00 -> L6 [000083] (1.2KB), in 0.0s (0.0s total), output rate 42KB/s
I251128 20:31:13.585557 14714 3@pebble/event.go:1179 ⋮ [n3,s3,pebble] 219  [JOB 60] compacting(default) L0 [000082] (762KB) Score=36.47 + L6 [000078] (1.0MB) Score=0.00; OverlappingRatio: Single 1.39, Multi 0.00
I251128 20:31:13.589762 14714 3@pebble/event.go:1219 ⋮ [n3,s3,pebble] 220  [JOB 60] compacting: sstable created 000085
I251128 20:31:13.650668 14634 3@pebble/event.go:1183 ⋮ [n3,s3,pebble] 221  [JOB 58] compacted(default) L0 [000080] (419KB) Score=47.52 + L6 [000076] (317KB) Score=0.00 -> L6 [000084] (164KB), in 0.1s (0.1s total), output rate 1.7MB/s
I251128 20:31:13.651029 84 3@pebble/event.go:1223 ⋮ [n3,s3,pebble] 222  [JOB 58] sstable deleted 000077
I251128 20:31:13.654778 84 3@pebble/event.go:1223 ⋮ [n3,s3,pebble] 223  [JOB 58] sstable deleted 000081
I251128 20:31:14.090519 14714 3@pebble/event.go:1183 ⋮ [n3,s3,pebble] 224  [JOB 60] compacted(default) L0 [000082] (762KB) Score=36.47 + L6 [000078] (1.0MB) Score=0.00 -> L6 [000085] (1.4MB), in 0.5s (0.5s total), output rate 2.8MB/s
I251128 20:31:14.094828 84 3@pebble/event.go:1223 ⋮ [n3,s3,pebble] 225  [JOB 60] sstable deleted 000076
I251128 20:31:14.098881 84 3@pebble/event.go:1223 ⋮ [n3,s3,pebble] 226  [JOB 60] sstable deleted 000078
I251128 20:31:14.102765 84 3@pebble/event.go:1223 ⋮ [n3,s3,pebble] 227  [JOB 60] sstable deleted 000080
I251128 20:31:14.102857 84 3@pebble/event.go:1223 ⋮ [n3,s3,pebble] 228  [JOB 60] sstable deleted 000082
I251128 20:33:24.043371 888 3@pebble/event.go:1239 ⋮ [n3,s3,pebble] 229  [JOB 61] WAL created 000086 (recycled 000051)
I251128 20:33:24.043455 17824 3@pebble/event.go:1191 ⋮ [n3,s3,pebble] 230  [JOB 62] flushing 1 memtable (64MB) to L0
I251128 20:33:24.053736 17824 3@pebble/event.go:1219 ⋮ [n3,s3,pebble] 231  [JOB 62] flushing: sstable created 000087
I251128 20:33:24.210591 17824 3@pebble/event.go:1219 ⋮ [n3,s3,pebble] 232  [JOB 62] flushing: sstable created 000088
I251128 20:33:24.237624 17824 3@pebble/event.go:1219 ⋮ [n3,s3,pebble] 233  [JOB 62] flushing: sstable created 000089
I251128 20:33:24.644358 17824 3@pebble/event.go:1195 ⋮ [n3,s3,pebble] 234  [JOB 62] flushed 1 memtable (64MB) to L0 [000087 000088 000089] (1.3MB), in 0.6s (0.6s total), output rate 2.2MB/s
I251128 20:33:24.644427 18164 3@pebble/event.go:1179 ⋮ [n3,s3,pebble] 235  [JOB 64] compacting(default) L0 [000088] (1.3KB) Score=29.84 + L6 [000083] (1.2KB) Score=0.00; OverlappingRatio: Single 0.89, Multi 0.00
I251128 20:33:24.644490 18163 3@pebble/event.go:1179 ⋮ [n3,s3,pebble] 236  [JOB 65] compacting(default) L0 [000087] (606KB) Score=41.22 + L6 [000084] (164KB) Score=0.00; OverlappingRatio: Single 0.27, Multi 0.00
I251128 20:33:24.654205 18164 3@pebble/event.go:1219 ⋮ [n3,s3,pebble] 237  [JOB 64] compacting: sstable created 000090
I251128 20:33:24.660593 18163 3@pebble/event.go:1219 ⋮ [n3,s3,pebble] 238  [JOB 65] compacting: sstable created 000091
I251128 20:33:24.688285 18164 3@pebble/event.go:1183 ⋮ [n3,s3,pebble] 239  [JOB 64] compacted(default) L0 [000088] (1.3KB) Score=29.84 + L6 [000083] (1.2KB) Score=0.00 -> L6 [000090] (1.1KB), in 0.0s (0.0s total), output rate 33KB/s
I251128 20:33:24.688349 18178 3@pebble/event.go:1179 ⋮ [n3,s3,pebble] 240  [JOB 66] compacting(default) L0 [000089] (722KB) Score=29.84 + L6 [000085] (1.4MB) Score=0.00; OverlappingRatio: Single 1.97, Multi 0.00
I251128 20:33:24.692462 18178 3@pebble/event.go:1219 ⋮ [n3,s3,pebble] 241  [JOB 66] compacting: sstable created 000092
I251128 20:33:24.820341 18163 3@pebble/event.go:1183 ⋮ [n3,s3,pebble] 242  [JOB 65] compacted(default) L0 [000087] (606KB) Score=41.22 + L6 [000084] (164KB) Score=0.00 -> L6 [000091] (385KB), in 0.2s (0.2s total), output rate 2.4MB/s
I251128 20:33:24.824619 84 3@pebble/event.go:1223 ⋮ [n3,s3,pebble] 243  [JOB 65] sstable deleted 000083
I251128 20:33:24.832563 84 3@pebble/event.go:1223 ⋮ [n3,s3,pebble] 244  [JOB 65] sstable deleted 000088
I251128 20:33:25.622810 18178 3@pebble/event.go:1183 ⋮ [n3,s3,pebble] 245  [JOB 66] compacted(default) L0 [000089] (722KB) Score=29.84 + L6 [000085] (1.4MB) Score=0.00 -> L6 [000092] (1.8MB), in 0.9s (0.9s total), output rate 1.9MB/s
I251128 20:33:25.623154 84 3@pebble/event.go:1223 ⋮ [n3,s3,pebble] 246  [JOB 66] sstable deleted 000084
I251128 20:33:25.627719 84 3@pebble/event.go:1223 ⋮ [n3,s3,pebble] 247  [JOB 66] sstable deleted 000085
I251128 20:33:25.631800 84 3@pebble/event.go:1223 ⋮ [n3,s3,pebble] 248  [JOB 66] sstable deleted 000087
I251128 20:33:25.635746 84 3@pebble/event.go:1223 ⋮ [n3,s3,pebble] 249  [JOB 66] sstable deleted 000089
I251128 20:35:03.348650 20465 3@pebble/event.go:1239 ⋮ [n3,s3,pebble] 250  [JOB 67] WAL created 000093 (recycled 000064)
I251128 20:35:03.348726 20272 3@pebble/event.go:1191 ⋮ [n3,s3,pebble] 251  [JOB 68] flushing 1 memtable (45MB) to L0
I251128 20:35:03.358064 20272 3@pebble/event.go:1219 ⋮ [n3,s3,pebble] 252  [JOB 68] flushing: sstable created 000094
I251128 20:35:03.453872 20272 3@pebble/event.go:1219 ⋮ [n3,s3,pebble] 253  [JOB 68] flushing: sstable created 000095
I251128 20:35:03.477942 20272 3@pebble/event.go:1219 ⋮ [n3,s3,pebble] 254  [JOB 68] flushing: sstable created 000096
I251128 20:35:03.850864 20272 3@pebble/event.go:1195 ⋮ [n3,s3,pebble] 255  [JOB 68] flushed 1 memtable (45MB) to L0 [000094 000095 000096] (988KB), in 0.5s (0.5s total), output rate 2.0MB/s
I251128 20:35:03.850943 20859 3@pebble/event.go:1179 ⋮ [n3,s3,pebble] 256  [JOB 70] compacting(default) L0 [000095] (1.2KB) Score=25.73 + L6 [000090] (1.1KB) Score=0.00; OverlappingRatio: Single 0.90, Multi 0.00
I251128 20:35:03.850993 20858 3@pebble/event.go:1179 ⋮ [n3,s3,pebble] 257  [JOB 71] compacting(default) L0 [000094] (363KB) Score=30.00 + L6 [000091] (385KB) Score=0.00; OverlappingRatio: Single 1.06, Multi 0.00
I251128 20:35:03.858924 20859 3@pebble/event.go:1219 ⋮ [n3,s3,pebble] 258  [JOB 70] compacting: sstable created 000097
I251128 20:35:03.862906 20858 3@pebble/event.go:1219 ⋮ [n3,s3,pebble] 259  [JOB 71] compacting: sstable created 000098
I251128 20:35:03.899584 20859 3@pebble/event.go:1183 ⋮ [n3,s3,pebble] 260  [JOB 70] compacted(default) L0 [000095] (1.2KB) Score=25.73 + L6 [000090] (1.1KB) Score=0.00 -> L6 [000097] (1.1KB), in 0.0s (0.0s total), output rate 38KB/s
I251128 20:35:03.967579 20858 3@pebble/event.go:1183 ⋮ [n3,s3,pebble] 261  [JOB 71] compacted(default) L0 [000094] (363KB) Score=30.00 + L6 [000091] (385KB) Score=0.00 -> L6 [000098] (190KB), in 0.1s (0.1s total), output rate 1.8MB/s
I251128 20:35:03.967666 20900 3@pebble/event.go:1179 ⋮ [n3,s3,pebble] 262  [JOB 72] compacting(default) L0 [000096] (624KB) Score=32.94 + L6 [000092] (1.8MB) Score=0.00; OverlappingRatio: Single 2.88, Multi 0.00
I251128 20:35:03.972845 84 3@pebble/event.go:1223 ⋮ [n3,s3,pebble] 263  [JOB 71] sstable deleted 000090
I251128 20:35:03.976069 84 3@pebble/event.go:1223 ⋮ [n3,s3,pebble] 264  [JOB 71] sstable deleted 000091
I251128 20:35:03.976195 84 3@pebble/event.go:1223 ⋮ [n3,s3,pebble] 265  [JOB 71] sstable deleted 000094
I251128 20:35:03.981799 20900 3@pebble/event.go:1219 ⋮ [n3,s3,pebble] 266  [JOB 72] compacting: sstable created 000099
I251128 20:35:03.985059 84 3@pebble/event.go:1223 ⋮ [n3,s3,pebble] 267  [JOB 71] sstable deleted 000095
I251128 20:35:05.120656 20900 3@pebble/event.go:1183 ⋮ [n3,s3,pebble] 268  [JOB 72] compacted(default) L0 [000096] (624KB) Score=32.94 + L6 [000092] (1.8MB) Score=0.00 -> L6 [000099] (2.0MB), in 1.1s (1.2s total), output rate 1.8MB/s
I251128 20:35:05.121201 84 3@pebble/event.go:1223 ⋮ [n3,s3,pebble] 269  [JOB 72] sstable deleted 000092
I251128 20:35:05.125109 84 3@pebble/event.go:1223 ⋮ [n3,s3,pebble] 270  [JOB 72] sstable deleted 000096
I251128 20:37:03.965985 937 3@kv/kvserver/store.go:3799 ⋮ [T1,Vsystem,n3,s3] 271  Pebble metrics:
I251128 20:37:03.965985 937 3@kv/kvserver/store.go:3799 ⋮ [T1,Vsystem,n3,s3] 271 +      |                             |                |       |   ingested   |     moved    |    written   |       |    amp   |    val sep
I251128 20:37:03.965985 937 3@kv/kvserver/store.go:3799 ⋮ [T1,Vsystem,n3,s3] 271 +level | tables  size val-bl vtables | score  ff  cff |   in  | tables  size | tables  size | tables  size |  read |   r   w  | refsz  valblk
I251128 20:37:03.965985 937 3@kv/kvserver/store.go:3799 ⋮ [T1,Vsystem,n3,s3] 271 +------+-----------------------------+----------------+-------+--------------+--------------+--------------+-------+----------+--------------
I251128 20:37:03.965985 937 3@kv/kvserver/store.go:3799 ⋮ [T1,Vsystem,n3,s3] 271 +    0 |     0     0B     0B       0 |    -    0    0 | 207MB |    15   19KB |     0     0B |    27  6.1MB |    0B |   0 0.03 |    0B      0B
I251128 20:37:03.965985 937 3@kv/kvserver/store.go:3799 ⋮ [T1,Vsystem,n3,s3] 271 +    1 |     0     0B     0B       0 |    -    0    0 |    0B |     0     0B |     0     0B |     0     0B |    0B |   0    0 |    0B      0B
I251128 20:37:03.965985 937 3@kv/kvserver/store.go:3799 ⋮ [T1,Vsystem,n3,s3] 271 +    2 |     0     0B     0B       0 |    -    0    0 |    0B |     0     0B |     0     0B |     0     0B |    0B |   0    0 |    0B      0B
I251128 20:37:03.965985 937 3@kv/kvserver/store.go:3799 ⋮ [T1,Vsystem,n3,s3] 271 +    3 |     0     0B     0B       0 |    -    0    0 |    0B |     0     0B |     0     0B |     0     0B |    0B |   0    0 |    0B      0B
I251128 20:37:03.965985 937 3@kv/kvserver/store.go:3799 ⋮ [T1,Vsystem,n3,s3] 271 +    4 |     0     0B     0B       0 |    -    0    0 |    0B |     0     0B |     0     0B |     0     0B |    0B |   0    0 |    0B      0B
I251128 20:37:03.965985 937 3@kv/kvserver/store.go:3799 ⋮ [T1,Vsystem,n3,s3] 271 +    5 |     0     0B     0B       0 |    -    0    0 |    0B |     0     0B |     0     0B |     0     0B |    0B |   0    0 |    0B      0B
I251128 20:37:03.965985 937 3@kv/kvserver/store.go:3799 ⋮ [T1,Vsystem,n3,s3] 271 +    6 |     3  2.2MB  321KB       0 |    - 0.03 0.03 | 6.1MB |     3  494KB |     1   32KB |    28  9.5MB |  14MB |   1 1.56 |    0B   321KB
I251128 20:37:03.965985 937 3@kv/kvserver/store.go:3799 ⋮ [T1,Vsystem,n3,s3] 271 +total |     3  2.2MB  321KB       0 |    -    -    - | 264MB |    18  513KB |     1   32KB |    55  280MB |  14MB |   1 1.06 |    0B   321KB
I251128 20:37:03.965985 937 3@kv/kvserver/store.go:3799 ⋮ [T1,Vsystem,n3,s3] 271 +--------------------------------------------------------------------------------------------------------------------------------------------
I251128 20:37:03.965985 937 3@kv/kvserver/store.go:3799 ⋮ [T1,Vsystem,n3,s3] 271 +WAL: 1 files (57MB)  in: 260MB  written: 264MB (1% overhead)
I251128 20:37:03.965985 937 3@kv/kvserver/store.go:3799 ⋮ [T1,Vsystem,n3,s3] 271 +Flushes: 11
I251128 20:37:03.965985 937 3@kv/kvserver/store.go:3799 ⋮ [T1,Vsystem,n3,s3] 271 +Compactions: 28  estimated debt: 0B  in progress: 0 (0B)  canceled: 1 (0B)  failed: 0  problem spans: 0
I251128 20:37:03.965985 937 3@kv/kvserver/store.go:3799 ⋮ [T1,Vsystem,n3,s3] 271 +             default: 27  delete: 0  elision: 0  move: 1  read: 0  tombstone-density: 0  rewrite: 0  copy: 0  multi-level: 0  blob-file-rewrite:  0
I251128 20:37:03.965985 937 3@kv/kvserver/store.go:3799 ⋮ [T1,Vsystem,n3,s3] 271 +MemTables: 1 (64MB)  zombie: 1 (64MB)
I251128 20:37:03.965985 937 3@kv/kvserver/store.go:3799 ⋮ [T1,Vsystem,n3,s3] 271 +Zombie tables: 0 (0B, local: 0B)
I251128 20:37:03.965985 937 3@kv/kvserver/store.go:3799 ⋮ [T1,Vsystem,n3,s3] 271 +Backing tables: 0 (0B)
I251128 20:37:03.965985 937 3@kv/kvserver/store.go:3799 ⋮ [T1,Vsystem,n3,s3] 271 +Virtual tables: 0 (0B)
I251128 20:37:03.965985 937 3@kv/kvserver/store.go:3799 ⋮ [T1,Vsystem,n3,s3] 271 +Local tables size: 2.2MB
I251128 20:37:03.965985 937 3@kv/kvserver/store.go:3799 ⋮ [T1,Vsystem,n3,s3] 271 +Compression types: unknown: 3
I251128 20:37:03.965985 937 3@kv/kvserver/store.go:3799 ⋮ [T1,Vsystem,n3,s3] 271 +Table stats: all loaded
I251128 20:37:03.965985 937 3@kv/kvserver/store.go:3799 ⋮ [T1,Vsystem,n3,s3] 271 +Block cache: 0 entries (0B)  hit rate: 54.8%
I251128 20:37:03.965985 937 3@kv/kvserver/store.go:3799 ⋮ [T1,Vsystem,n3,s3] 271 +File cache: 2 tables, 0 blobfiles (992B)  hit rate: 99.4%
I251128 20:37:03.965985 937 3@kv/kvserver/store.go:3799 ⋮ [T1,Vsystem,n3,s3] 271 +Range key sets: 0  Tombstones: 0  Total missized tombstones encountered: 0
I251128 20:37:03.965985 937 3@kv/kvserver/store.go:3799 ⋮ [T1,Vsystem,n3,s3] 271 +Snapshots: 0  earliest seq num: 0
I251128 20:37:03.965985 937 3@kv/kvserver/store.go:3799 ⋮ [T1,Vsystem,n3,s3] 271 +Table iters: 0
I251128 20:37:03.965985 937 3@kv/kvserver/store.go:3799 ⋮ [T1,Vsystem,n3,s3] 271 +Filter utility: 25.9%
I251128 20:37:03.965985 937 3@kv/kvserver/store.go:3799 ⋮ [T1,Vsystem,n3,s3] 271 +Ingestions: 3  as flushable: 2 (385KB in 12 tables)
I251128 20:37:03.965985 937 3@kv/kvserver/store.go:3799 ⋮ [T1,Vsystem,n3,s3] 271 +Cgo memory usage: 128MB  block cache: 20KB (data: 0B, maps: 16KB, entries: 3.1KB)  memtables: 128MB
I251128 20:37:04.045246 881 3@pebble/event.go:1239 ⋮ [n3,s3,pebble] 272  [JOB 73] WAL created 000100 (recycled 000071)
I251128 20:37:04.045313 24560 3@pebble/event.go:1191 ⋮ [n3,s3,pebble] 273  [JOB 74] flushing 1 memtable (64MB) to L0
I251128 20:37:04.049561 24560 3@pebble/event.go:1219 ⋮ [n3,s3,pebble] 274  [JOB 74] flushing: sstable created 000101
I251128 20:37:04.242551 24560 3@pebble/event.go:1219 ⋮ [n3,s3,pebble] 275  [JOB 74] flushing: sstable created 000102
I251128 20:37:04.266421 24560 3@pebble/event.go:1219 ⋮ [n3,s3,pebble] 276  [JOB 74] flushing: sstable created 000103
I251128 20:37:04.989241 24560 3@pebble/event.go:1195 ⋮ [n3,s3,pebble] 277  [JOB 74] flushed 1 memtable (64MB) to L0 [000101 000102 000103] (1.7MB), in 0.9s (0.9s total), output rate 1.8MB/s
I251128 20:37:04.989311 24540 3@pebble/event.go:1179 ⋮ [n3,s3,pebble] 278  [JOB 76] compacting(default) L0 [000101] (627KB) Score=29.03 + L6 [000098] (190KB) Score=0.00; OverlappingRatio: Single 0.30, Multi 0.00
I251128 20:37:04.997413 24540 3@pebble/event.go:1219 ⋮ [n3,s3,pebble] 279  [JOB 76] compacting: sstable created 000104
I251128 20:37:05.159195 24540 3@pebble/event.go:1183 ⋮ [n3,s3,pebble] 280  [JOB 76] compacted(default) L0 [000101] (627KB) Score=29.03 + L6 [000098] (190KB) Score=0.00 -> L6 [000104] (400KB), in 0.2s (0.2s total), output rate 2.5MB/s
I251128 20:37:05.159286 24541 3@pebble/event.go:1179 ⋮ [n3,s3,pebble] 281  [JOB 77] compacting(default) L0 [000102] (1.4KB) Score=26.56 + L6 [000097] (1.1KB) Score=0.00; OverlappingRatio: Single 0.77, Multi 0.00
I251128 20:37:05.159623 84 3@pebble/event.go:1223 ⋮ [n3,s3,pebble] 282  [JOB 76] sstable deleted 000098
I251128 20:37:05.167660 84 3@pebble/event.go:1223 ⋮ [n3,s3,pebble] 283  [JOB 76] sstable deleted 000101
I251128 20:37:05.167554 24541 3@pebble/event.go:1219 ⋮ [n3,s3,pebble] 284  [JOB 77] compacting: sstable created 000105
I251128 20:37:05.207229 24541 3@pebble/event.go:1183 ⋮ [n3,s3,pebble] 285  [JOB 77] compacted(default) L0 [000102] (1.4KB) Score=26.56 + L6 [000097] (1.1KB) Score=0.00 -> L6 [000105] (1.1KB), in 0.0s (0.0s total), output rate 38KB/s
I251128 20:37:05.207361 24691 3@pebble/event.go:1179 ⋮ [n3,s3,pebble] 286  [JOB 78] compacting(default) L0 [000103] (1.0MB) Score=26.56 + L6 [000099] (2.0MB) Score=0.00; OverlappingRatio: Single 1.93, Multi 0.00
I251128 20:37:05.212618 84 3@pebble/event.go:1223 ⋮ [n3,s3,pebble] 287  [JOB 77] sstable deleted 000097
I251128 20:37:05.228716 84 3@pebble/event.go:1223 ⋮ [n3,s3,pebble] 288  [JOB 77] sstable deleted 000102
I251128 20:37:05.232687 24691 3@pebble/event.go:1219 ⋮ [n3,s3,pebble] 289  [JOB 78] compacting: sstable created 000106
I251128 20:37:06.910262 24691 3@pebble/event.go:1183 ⋮ [n3,s3,pebble] 290  [JOB 78] compacted(default) L0 [000103] (1.0MB) Score=26.56 + L6 [000099] (2.0MB) Score=0.00 -> L6 [000106] (2.7MB), in 1.7s (1.7s total), output rate 1.6MB/s
I251128 20:37:06.910643 84 3@pebble/event.go:1223 ⋮ [n3,s3,pebble] 291  [JOB 78] sstable deleted 000099
I251128 20:37:06.922586 84 3@pebble/event.go:1223 ⋮ [n3,s3,pebble] 292  [JOB 78] sstable deleted 000103
I251128 20:39:23.169056 882 3@pebble/event.go:1239 ⋮ [n3,s3,pebble] 293  [JOB 79] WAL created 000107 (recycled 000072)
I251128 20:39:23.169142 28470 3@pebble/event.go:1191 ⋮ [n3,s3,pebble] 294  [JOB 80] flushing 1 memtable (64MB) to L0
I251128 20:39:23.169335 28470 3@pebble/event.go:1219 ⋮ [n3,s3,pebble] 295  [JOB 80] flushing: sstable created 000108
I251128 20:39:23.349511 28470 3@pebble/event.go:1219 ⋮ [n3,s3,pebble] 296  [JOB 80] flushing: sstable created 000109
I251128 20:39:23.377254 28470 3@pebble/event.go:1219 ⋮ [n3,s3,pebble] 297  [JOB 80] flushing: sstable created 000110
I251128 20:39:23.838075 28470 3@pebble/event.go:1195 ⋮ [n3,s3,pebble] 298  [JOB 80] flushed 1 memtable (64MB) to L0 [000108 000109 000110] (1.2MB), in 0.7s (0.7s total), output rate 1.9MB/s
I251128 20:39:23.838135 28502 3@pebble/event.go:1179 ⋮ [n3,s3,pebble] 299  [JOB 82] compacting(default) L0 [000108] (499KB) Score=20.67 + L6 [000104] (400KB) Score=0.00; OverlappingRatio: Single 0.80, Multi 0.00
I251128 20:39:23.846602 28502 3@pebble/event.go:1219 ⋮ [n3,s3,pebble] 300  [JOB 82] compacting: sstable created 000111
I251128 20:39:24.008411 28502 3@pebble/event.go:1183 ⋮ [n3,s3,pebble] 301  [JOB 82] compacted(default) L0 [000108] (499KB) Score=20.67 + L6 [000104] (400KB) Score=0.00 -> L6 [000111] (247KB), in 0.2s (0.2s total), output rate 1.5MB/s
I251128 20:39:24.008588 28478 3@pebble/event.go:1179 ⋮ [n3,s3,pebble] 302  [JOB 83] compacting(default) L0 [000109] (1.3KB) Score=21.72 + L6 [000105] (1.1KB) Score=0.00; OverlappingRatio: Single 0.81, Multi 0.00
I251128 20:39:24.012438 84 3@pebble/event.go:1223 ⋮ [n3,s3,pebble] 303  [JOB 82] sstable deleted 000104
I251128 20:39:24.024405 84 3@pebble/event.go:1223 ⋮ [n3,s3,pebble] 304  [JOB 82] sstable deleted 000108
I251128 20:39:24.032103 28478 3@pebble/event.go:1183 ⋮ [n3,s3,pebble] 305  [JOB 83] compacted(default) L0 [000109] (1.3KB) Score=21.72 + L6 [000105] (1.1KB) Score=0.00 -> L6 [] (0B), in 0.0s (0.0s total), output rate 0B/s
I251128 20:39:24.032176 28503 3@pebble/event.go:1179 ⋮ [n3,s3,pebble] 306  [JOB 84] compacting(default) L0 [000110] (768KB) Score=21.72 + L6 [000106] (2.7MB) Score=0.00; OverlappingRatio: Single 3.61, Multi 0.00
I251128 20:39:24.032279 84 3@pebble/event.go:1223 ⋮ [n3,s3,pebble] 307  [JOB 83] sstable deleted 000105
I251128 20:39:24.036408 84 3@pebble/event.go:1223 ⋮ [n3,s3,pebble] 308  [JOB 83] sstable deleted 000109
I251128 20:39:24.044318 28503 3@pebble/event.go:1219 ⋮ [n3,s3,pebble] 309  [JOB 84] compacting: sstable created 000112
I251128 20:39:25.886088 28503 3@pebble/event.go:1183 ⋮ [n3,s3,pebble] 310  [JOB 84] compacted(default) L0 [000110] (768KB) Score=21.72 + L6 [000106] (2.7MB) Score=0.00 -> L6 [000112] (3.1MB), in 1.8s (1.9s total), output rate 1.7MB/s
I251128 20:39:25.886402 84 3@pebble/event.go:1223 ⋮ [n3,s3,pebble] 311  [JOB 84] sstable deleted 000106
I251128 20:39:25.894598 84 3@pebble/event.go:1223 ⋮ [n3,s3,pebble] 312  [JOB 84] sstable deleted 000110
I251128 20:41:33.180945 885 3@pebble/event.go:1239 ⋮ [n3,s3,pebble] 313  [JOB 85] WAL created 000113 (recycled 000079)
I251128 20:41:33.181008 31736 3@pebble/event.go:1191 ⋮ [n3,s3,pebble] 314  [JOB 86] flushing 1 memtable (63MB) to L0
I251128 20:41:33.185191 31736 3@pebble/event.go:1219 ⋮ [n3,s3,pebble] 315  [JOB 86] flushing: sstable created 000114
I251128 20:41:33.301188 31736 3@pebble/event.go:1219 ⋮ [n3,s3,pebble] 316  [JOB 86] flushing: sstable created 000115
I251128 20:41:33.321059 31736 3@pebble/event.go:1219 ⋮ [n3,s3,pebble] 317  [JOB 86] flushing: sstable created 000116
I251128 20:41:33.823854 31736 3@pebble/event.go:1195 ⋮ [n3,s3,pebble] 318  [JOB 86] flushed 1 memtable (63MB) to L0 [000114 000115 000116] (1.2MB), in 0.6s (0.6s total), output rate 1.9MB/s
I251128 20:41:33.824071 31769 3@pebble/event.go:1179 ⋮ [n3,s3,pebble] 319  [JOB 88] compacting(default) L0 [000115 000114] (496KB) Score=19.27 + L6 [000111] (247KB) Score=0.00; OverlappingRatio: Single 0.50, Multi 0.00
I251128 20:41:33.836961 31769 3@pebble/event.go:1219 ⋮ [n3,s3,pebble] 320  [JOB 88] compacting: sstable created 000117
I251128 20:41:34.017122 31769 3@pebble/event.go:1219 ⋮ [n3,s3,pebble] 321  [JOB 88] compacting: sstable created 000118
I251128 20:41:34.056885 31769 3@pebble/event.go:1183 ⋮ [n3,s3,pebble] 322  [JOB 88] compacted(default) L0 [000115 000114] (496KB) Score=19.27 + L6 [000111] (247KB) Score=0.00 -> L6 [000117 000118] (284KB), in 0.2s (0.2s total), output rate 1.3MB/s
I251128 20:41:34.057009 31788 3@pebble/event.go:1179 ⋮ [n3,s3,pebble] 323  [JOB 89] compacting(default) L0 [000116] (730KB) Score=19.07 + L6 [000112] (3.1MB) Score=0.00; OverlappingRatio: Single 4.32, Multi 0.00
I251128 20:41:34.057291 84 3@pebble/event.go:1223 ⋮ [n3,s3,pebble] 324  [JOB 88] sstable deleted 000111
I251128 20:41:34.061316 31788 3@pebble/event.go:1219 ⋮ [n3,s3,pebble] 325  [JOB 89] compacting: sstable created 000119
I251128 20:41:34.061391 84 3@pebble/event.go:1223 ⋮ [n3,s3,pebble] 326  [JOB 88] sstable deleted 000114
I251128 20:41:34.065106 84 3@pebble/event.go:1223 ⋮ [n3,s3,pebble] 327  [JOB 88] sstable deleted 000115
I251128 20:41:35.973927 31788 3@pebble/event.go:1183 ⋮ [n3,s3,pebble] 328  [JOB 89] compacted(default) L0 [000116] (730KB) Score=19.07 + L6 [000112] (3.1MB) Score=0.00 -> L6 [000119] (3.4MB), in 1.9s (1.9s total), output rate 1.8MB/s
I251128 20:41:35.977982 84 3@pebble/event.go:1223 ⋮ [n3,s3,pebble] 329  [JOB 89] sstable deleted 000112
I251128 20:41:35.982322 84 3@pebble/event.go:1223 ⋮ [n3,s3,pebble] 330  [JOB 89] sstable deleted 000116
I251128 20:43:43.455418 880 3@pebble/event.go:1239 ⋮ [n3,s3,pebble] 331  [JOB 90] WAL created 000120 (recycled 000086)
I251128 20:43:43.455481 35091 3@pebble/event.go:1191 ⋮ [n3,s3,pebble] 332  [JOB 91] flushing 1 memtable (64MB) to L0
I251128 20:43:43.463581 35091 3@pebble/event.go:1219 ⋮ [n3,s3,pebble] 333  [JOB 91] flushing: sstable created 000121
I251128 20:43:43.660761 35091 3@pebble/event.go:1219 ⋮ [n3,s3,pebble] 334  [JOB 91] flushing: sstable created 000122
I251128 20:43:43.688649 35091 3@pebble/event.go:1219 ⋮ [n3,s3,pebble] 335  [JOB 91] flushing: sstable created 000123
I251128 20:43:44.133428 35091 3@pebble/event.go:1195 ⋮ [n3,s3,pebble] 336  [JOB 91] flushed 1 memtable (64MB) to L0 [000121 000122 000123] (1.3MB), in 0.7s (0.7s total), output rate 2.0MB/s
I251128 20:43:44.133520 35017 3@pebble/event.go:1179 ⋮ [n3,s3,pebble] 337  [JOB 93] compacting(default) L0 [000121] (589KB) Score=17.30 + L6 [000117] (283KB) Score=0.00; OverlappingRatio: Single 0.48, Multi 0.00
I251128 20:43:44.141650 35017 3@pebble/event.go:1219 ⋮ [n3,s3,pebble] 338  [JOB 93] compacting: sstable created 000124
I251128 20:43:44.340414 35017 3@pebble/event.go:1183 ⋮ [n3,s3,pebble] 339  [JOB 93] compacted(default) L0 [000121] (589KB) Score=17.30 + L6 [000117] (283KB) Score=0.00 -> L6 [000124] (358KB), in 0.2s (0.2s total), output rate 1.8MB/s
I251128 20:43:44.340504 35112 3@pebble/event.go:1179 ⋮ [n3,s3,pebble] 340  [JOB 94] compacting(default) L0 [000122] (1.2KB) Score=16.96 + L6 [000118] (1.1KB) Score=0.00; OverlappingRatio: Single 0.90, Multi 0.00
I251128 20:43:44.344514 84 3@pebble/event.go:1223 ⋮ [n3,s3,pebble] 341  [JOB 93] sstable deleted 000117
I251128 20:43:44.352814 84 3@pebble/event.go:1223 ⋮ [n3,s3,pebble] 342  [JOB 93] sstable deleted 000121
I251128 20:43:44.352818 35112 3@pebble/event.go:1219 ⋮ [n3,s3,pebble] 343  [JOB 94] compacting: sstable created 000125
I251128 20:43:44.394450 35112 3@pebble/event.go:1183 ⋮ [n3,s3,pebble] 344  [JOB 94] compacted(default) L0 [000122] (1.2KB) Score=16.96 + L6 [000118] (1.1KB) Score=0.00 -> L6 [000125] (1.1KB), in 0.0s (0.1s total), output rate 25KB/s
I251128 20:43:44.394507 34613 3@pebble/event.go:1179 ⋮ [n3,s3,pebble] 345  [JOB 95] compacting(default) L0 [000123] (730KB) Score=16.96 + L6 [000119] (3.4MB) Score=0.00; OverlappingRatio: Single 4.80, Multi 0.00
I251128 20:43:44.394818 84 3@pebble/event.go:1223 ⋮ [n3,s3,pebble] 346  [JOB 94] sstable deleted 000118
I251128 20:43:44.394877 84 3@pebble/event.go:1223 ⋮ [n3,s3,pebble] 347  [JOB 94] sstable deleted 000122
I251128 20:43:44.394880 34613 3@pebble/event.go:1219 ⋮ [n3,s3,pebble] 348  [JOB 95] compacting: sstable created 000126
I251128 20:43:46.381469 34613 3@pebble/event.go:1183 ⋮ [n3,s3,pebble] 349  [JOB 95] compacted(default) L0 [000123] (730KB) Score=16.96 + L6 [000119] (3.4MB) Score=0.00 -> L6 [000126] (3.8MB), in 2.0s (2.0s total), output rate 1.9MB/s
I251128 20:43:46.386009 84 3@pebble/event.go:1223 ⋮ [n3,s3,pebble] 350  [JOB 95] sstable deleted 000119
I251128 20:43:46.390002 84 3@pebble/event.go:1223 ⋮ [n3,s3,pebble] 351  [JOB 95] sstable deleted 000123
I251128 20:45:38.332990 900 3@pebble/event.go:1239 ⋮ [n3,s3,pebble] 352  [JOB 96] WAL created 000127 (recycled 000093)
I251128 20:45:38.333115 38216 3@pebble/event.go:1191 ⋮ [n3,s3,pebble] 353  [JOB 97] flushing 1 memtable (64MB) to L0
I251128 20:45:38.341298 38216 3@pebble/event.go:1219 ⋮ [n3,s3,pebble] 354  [JOB 97] flushing: sstable created 000128
I251128 20:45:38.505196 38216 3@pebble/event.go:1219 ⋮ [n3,s3,pebble] 355  [JOB 97] flushing: sstable created 000129
I251128 20:45:38.521359 38216 3@pebble/event.go:1219 ⋮ [n3,s3,pebble] 356  [JOB 97] flushing: sstable created 000130
I251128 20:45:38.992135 38216 3@pebble/event.go:1195 ⋮ [n3,s3,pebble] 357  [JOB 97] flushed 1 memtable (64MB) to L0 [000128 000129 000130] (1.7MB), in 0.6s (0.7s total), output rate 2.7MB/s
I251128 20:45:38.992213 38189 3@pebble/event.go:1179 ⋮ [n3,s3,pebble] 358  [JOB 99] compacting(default) L0 [000128] (789KB) Score=15.42 + L6 [000124] (358KB) Score=0.00; OverlappingRatio: Single 0.45, Multi 0.00
I251128 20:45:39.004228 38189 3@pebble/event.go:1219 ⋮ [n3,s3,pebble] 359  [JOB 99] compacting: sstable created 000131
I251128 20:45:39.116987 38189 3@pebble/event.go:1183 ⋮ [n3,s3,pebble] 360  [JOB 99] compacted(default) L0 [000128] (789KB) Score=15.42 + L6 [000124] (358KB) Score=0.00 -> L6 [000131] (346KB), in 0.1s (0.1s total), output rate 3.0MB/s
I251128 20:45:39.117074 38132 3@pebble/event.go:1179 ⋮ [n3,s3,pebble] 361  [JOB 100] compacting(default) L0 [000129] (1.3KB) Score=15.46 + L6 [000125] (1.1KB) Score=0.00; OverlappingRatio: Single 0.82, Multi 0.00
I251128 20:45:39.117411 84 3@pebble/event.go:1223 ⋮ [n3,s3,pebble] 362  [JOB 99] sstable deleted 000124
I251128 20:45:39.117463 38132 3@pebble/event.go:1219 ⋮ [n3,s3,pebble] 363  [JOB 100] compacting: sstable created 000132
I251128 20:45:39.121250 84 3@pebble/event.go:1223 ⋮ [n3,s3,pebble] 364  [JOB 99] sstable deleted 000128
I251128 20:45:39.144952 38132 3@pebble/event.go:1183 ⋮ [n3,s3,pebble] 365  [JOB 100] compacted(default) L0 [000129] (1.3KB) Score=15.46 + L6 [000125] (1.1KB) Score=0.00 -> L6 [000132] (1.1KB), in 0.0s (0.0s total), output rate 71KB/s
I251128 20:45:39.145016 38356 3@pebble/event.go:1179 ⋮ [n3,s3,pebble] 366  [JOB 101] compacting(default) L0 [000130] (982KB) Score=15.46 + L6 [000126] (3.8MB) Score=0.00; OverlappingRatio: Single 3.96, Multi 0.00
I251128 20:45:39.145406 84 3@pebble/event.go:1223 ⋮ [n3,s3,pebble] 367  [JOB 100] sstable deleted 000125
I251128 20:45:39.149207 84 3@pebble/event.go:1223 ⋮ [n3,s3,pebble] 368  [JOB 100] sstable deleted 000129
I251128 20:45:39.153348 38356 3@pebble/event.go:1219 ⋮ [n3,s3,pebble] 369  [JOB 101] compacting: sstable created 000133
I251128 20:45:41.171395 38356 3@pebble/event.go:1219 ⋮ [n3,s3,pebble] 370  [JOB 101] compacting: sstable created 000134
I251128 20:45:41.503988 38356 3@pebble/event.go:1183 ⋮ [n3,s3,pebble] 371  [JOB 101] compacted(default) L0 [000130] (982KB) Score=15.46 + L6 [000126] (3.8MB) Score=0.00 -> L6 [000133 000134] (4.3MB), in 2.3s (2.4s total), output rate 1.9MB/s
I251128 20:45:41.504414 84 3@pebble/event.go:1223 ⋮ [n3,s3,pebble] 372  [JOB 101] sstable deleted 000126
I251128 20:45:41.508438 84 3@pebble/event.go:1223 ⋮ [n3,s3,pebble] 373  [JOB 101] sstable deleted 000130
I251128 20:47:03.974872 937 3@kv/kvserver/store.go:3799 ⋮ [T1,Vsystem,n3,s3] 374  Pebble metrics:
I251128 20:47:03.974872 937 3@kv/kvserver/store.go:3799 ⋮ [T1,Vsystem,n3,s3] 374 +      |                             |                |       |   ingested   |     moved    |    written   |       |    amp   |    val sep
I251128 20:47:03.974872 937 3@kv/kvserver/store.go:3799 ⋮ [T1,Vsystem,n3,s3] 374 +level | tables  size val-bl vtables | score  ff  cff |   in  | tables  size | tables  size | tables  size |  read |   r   w  | refsz  valblk
I251128 20:47:03.974872 937 3@kv/kvserver/store.go:3799 ⋮ [T1,Vsystem,n3,s3] 374 +------+-----------------------------+----------------+-------+--------------+--------------+--------------+-------+----------+--------------
I251128 20:47:03.974872 937 3@kv/kvserver/store.go:3799 ⋮ [T1,Vsystem,n3,s3] 374 +    0 |     0     0B     0B       0 |    -    0    0 | 491MB |    15   19KB |     0     0B |    42   13MB |    0B |   0 0.03 |    0B      0B
I251128 20:47:03.974872 937 3@kv/kvserver/store.go:3799 ⋮ [T1,Vsystem,n3,s3] 374 +    1 |     0     0B     0B       0 |    -    0    0 |    0B |     0     0B |     0     0B |     0     0B |    0B |   0    0 |    0B      0B
I251128 20:47:03.974872 937 3@kv/kvserver/store.go:3799 ⋮ [T1,Vsystem,n3,s3] 374 +    2 |     0     0B     0B       0 |    -    0    0 |    0B |     0     0B |     0     0B |     0     0B |    0B |   0    0 |    0B      0B
I251128 20:47:03.974872 937 3@kv/kvserver/store.go:3799 ⋮ [T1,Vsystem,n3,s3] 374 +    3 |     0     0B     0B       0 |    -    0    0 |    0B |     0     0B |     0     0B |     0     0B |    0B |   0    0 |    0B      0B
I251128 20:47:03.974872 937 3@kv/kvserver/store.go:3799 ⋮ [T1,Vsystem,n3,s3] 374 +    4 |     0     0B     0B       0 |    -    0    0 |    0B |     0     0B |     0     0B |     0     0B |    0B |   0    0 |    0B      0B
I251128 20:47:03.974872 937 3@kv/kvserver/store.go:3799 ⋮ [T1,Vsystem,n3,s3] 374 +    5 |     0     0B     0B       0 |    -    0    0 |    0B |     0     0B |     0     0B |     0     0B |    0B |   0    0 |    0B      0B
I251128 20:47:03.974872 937 3@kv/kvserver/store.go:3799 ⋮ [T1,Vsystem,n3,s3] 374 +    6 |     4  4.7MB  958KB       0 |    - 0.07 0.07 |  13MB |     3  494KB |     1   32KB |    43   28MB |  38MB |   1 2.15 |    0B   958KB
I251128 20:47:03.974872 937 3@kv/kvserver/store.go:3799 ⋮ [T1,Vsystem,n3,s3] 374 +total |     4  4.7MB  958KB       0 |    -    -    - | 534MB |    18  513KB |     1   32KB |    85  576MB |  38MB |   1 1.08 |    0B   958KB
I251128 20:47:03.974872 937 3@kv/kvserver/store.go:3799 ⋮ [T1,Vsystem,n3,s3] 374 +--------------------------------------------------------------------------------------------------------------------------------------------
I251128 20:47:03.974872 937 3@kv/kvserver/store.go:3799 ⋮ [T1,Vsystem,n3,s3] 374 +WAL: 1 files (43MB)  in: 526MB  written: 534MB (1% overhead)
I251128 20:47:03.974872 937 3@kv/kvserver/store.go:3799 ⋮ [T1,Vsystem,n3,s3] 374 +Flushes: 16
I251128 20:47:03.974872 937 3@kv/kvserver/store.go:3799 ⋮ [T1,Vsystem,n3,s3] 374 +Compactions: 42  estimated debt: 0B  in progress: 0 (0B)  canceled: 1 (0B)  failed: 0  problem spans: 0
I251128 20:47:03.974872 937 3@kv/kvserver/store.go:3799 ⋮ [T1,Vsystem,n3,s3] 374 +             default: 41  delete: 0  elision: 0  move: 1  read: 0  tombstone-density: 0  rewrite: 0  copy: 0  multi-level: 0  blob-file-rewrite:  0
I251128 20:47:03.974872 937 3@kv/kvserver/store.go:3799 ⋮ [T1,Vsystem,n3,s3] 374 +MemTables: 1 (64MB)  zombie: 1 (64MB)
I251128 20:47:03.974872 937 3@kv/kvserver/store.go:3799 ⋮ [T1,Vsystem,n3,s3] 374 +Zombie tables: 0 (0B, local: 0B)
I251128 20:47:03.974872 937 3@kv/kvserver/store.go:3799 ⋮ [T1,Vsystem,n3,s3] 374 +Backing tables: 0 (0B)
I251128 20:47:03.974872 937 3@kv/kvserver/store.go:3799 ⋮ [T1,Vsystem,n3,s3] 374 +Virtual tables: 0 (0B)
I251128 20:47:03.974872 937 3@kv/kvserver/store.go:3799 ⋮ [T1,Vsystem,n3,s3] 374 +Local tables size: 4.7MB
I251128 20:47:03.974872 937 3@kv/kvserver/store.go:3799 ⋮ [T1,Vsystem,n3,s3] 374 +Compression types: unknown: 4
I251128 20:47:03.974872 937 3@kv/kvserver/store.go:3799 ⋮ [T1,Vsystem,n3,s3] 374 +Table stats: all loaded
I251128 20:47:03.974872 937 3@kv/kvserver/store.go:3799 ⋮ [T1,Vsystem,n3,s3] 374 +Block cache: 0 entries (0B)  hit rate: 36.7%
I251128 20:47:03.974872 937 3@kv/kvserver/store.go:3799 ⋮ [T1,Vsystem,n3,s3] 374 +File cache: 3 tables, 0 blobfiles (1.5KB)  hit rate: 99.4%
I251128 20:47:03.974872 937 3@kv/kvserver/store.go:3799 ⋮ [T1,Vsystem,n3,s3] 374 +Range key sets: 0  Tombstones: 0  Total missized tombstones encountered: 0
I251128 20:47:03.974872 937 3@kv/kvserver/store.go:3799 ⋮ [T1,Vsystem,n3,s3] 374 +Snapshots: 0  earliest seq num: 0
I251128 20:47:03.974872 937 3@kv/kvserver/store.go:3799 ⋮ [T1,Vsystem,n3,s3] 374 +Table iters: 0
I251128 20:47:03.974872 937 3@kv/kvserver/store.go:3799 ⋮ [T1,Vsystem,n3,s3] 374 +Filter utility: 29.6%
I251128 20:47:03.974872 937 3@kv/kvserver/store.go:3799 ⋮ [T1,Vsystem,n3,s3] 374 +Ingestions: 3  as flushable: 2 (385KB in 12 tables)
I251128 20:47:03.974872 937 3@kv/kvserver/store.go:3799 ⋮ [T1,Vsystem,n3,s3] 374 +Cgo memory usage: 128MB  block cache: 17KB (data: 0B, maps: 16KB, entries: 880B)  memtables: 128MB
I251128 20:47:33.197474 895 3@pebble/event.go:1239 ⋮ [n3,s3,pebble] 375  [JOB 102] WAL created 000135 (recycled 000100)
I251128 20:47:33.197568 41770 3@pebble/event.go:1191 ⋮ [n3,s3,pebble] 376  [JOB 103] flushing 1 memtable (64MB) to L0
I251128 20:47:33.207795 41770 3@pebble/event.go:1219 ⋮ [n3,s3,pebble] 377  [JOB 103] flushing: sstable created 000136
I251128 20:47:33.383649 41770 3@pebble/event.go:1219 ⋮ [n3,s3,pebble] 378  [JOB 103] flushing: sstable created 000137
I251128 20:47:33.405806 41770 3@pebble/event.go:1219 ⋮ [n3,s3,pebble] 379  [JOB 103] flushing: sstable created 000138
I251128 20:47:33.796680 41770 3@pebble/event.go:1195 ⋮ [n3,s3,pebble] 380  [JOB 103] flushed 1 memtable (64MB) to L0 [000136 000137 000138] (1.7MB), in 0.6s (0.6s total), output rate 2.9MB/s
I251128 20:47:33.796779 41889 3@pebble/event.go:1179 ⋮ [n3,s3,pebble] 381  [JOB 105] compacting(default) L0 [000136] (816KB) Score=13.66 + L6 [000131] (346KB) Score=0.00; OverlappingRatio: Single 0.42, Multi 0.00
I251128 20:47:33.805801 41889 3@pebble/event.go:1219 ⋮ [n3,s3,pebble] 382  [JOB 105] compacting: sstable created 000139
I251128 20:47:33.973473 41889 3@pebble/event.go:1183 ⋮ [n3,s3,pebble] 383  [JOB 105] compacted(default) L0 [000136] (816KB) Score=13.66 + L6 [000131] (346KB) Score=0.00 -> L6 [000139] (310KB), in 0.2s (0.2s total), output rate 1.8MB/s
I251128 20:47:33.973567 41935 3@pebble/event.go:1179 ⋮ [n3,s3,pebble] 384  [JOB 106] compacting(default) L0 [000137] (1.6KB) Score=13.77 + L6 [000132] (1.1KB) Score=0.00; OverlappingRatio: Single 0.73, Multi 0.00
I251128 20:47:33.981506 84 3@pebble/event.go:1223 ⋮ [n3,s3,pebble] 385  [JOB 105] sstable deleted 000131
I251128 20:47:33.992825 41935 3@pebble/event.go:1219 ⋮ [n3,s3,pebble] 386  [JOB 106] compacting: sstable created 000140
I251128 20:47:33.992800 84 3@pebble/event.go:1223 ⋮ [n3,s3,pebble] 387  [JOB 105] sstable deleted 000136
I251128 20:47:34.038540 41935 3@pebble/event.go:1183 ⋮ [n3,s3,pebble] 388  [JOB 106] compacted(default) L0 [000137] (1.6KB) Score=13.77 + L6 [000132] (1.1KB) Score=0.00 -> L6 [000140] (1.1KB), in 0.1s (0.1s total), output rate 22KB/s
I251128 20:47:34.042912 41987 3@pebble/event.go:1179 ⋮ [n3,s3,pebble] 389  [JOB 107] compacting(default) L0 [000138] (909KB) Score=13.77 + L6 [000133 000134] (4.3MB) Score=0.00; OverlappingRatio: Single 4.90, Multi 0.00
I251128 20:47:34.046735 84 3@pebble/event.go:1223 ⋮ [n3,s3,pebble] 390  [JOB 108] sstable deleted 000132
I251128 20:47:34.050550 41987 3@pebble/event.go:1219 ⋮ [n3,s3,pebble] 391  [JOB 107] compacting: sstable created 000141
I251128 20:47:34.050775 84 3@pebble/event.go:1223 ⋮ [n3,s3,pebble] 392  [JOB 108] sstable deleted 000137
I251128 20:47:35.919283 41987 3@pebble/event.go:1219 ⋮ [n3,s3,pebble] 393  [JOB 107] compacting: sstable created 000142
I251128 20:47:36.405104 41987 3@pebble/event.go:1183 ⋮ [n3,s3,pebble] 394  [JOB 107] compacted(default) L0 [000138] (909KB) Score=13.77 + L6 [000133 000134] (4.3MB) Score=0.00 -> L6 [000141 000142] (4.8MB), in 2.3s (2.4s total), output rate 2.1MB/s
I251128 20:47:36.412653 84 3@pebble/event.go:1223 ⋮ [n3,s3,pebble] 395  [JOB 107] sstable deleted 000133
I251128 20:47:36.413074 84 3@pebble/event.go:1223 ⋮ [n3,s3,pebble] 396  [JOB 107] sstable deleted 000134
I251128 20:47:36.416980 84 3@pebble/event.go:1223 ⋮ [n3,s3,pebble] 397  [JOB 107] sstable deleted 000138
I251128 20:49:23.469988 892 3@pebble/event.go:1239 ⋮ [n3,s3,pebble] 398  [JOB 109] WAL created 000143 (recycled 000107)
I251128 20:49:23.470087 44956 3@pebble/event.go:1191 ⋮ [n3,s3,pebble] 399  [JOB 110] flushing 1 memtable (63MB) to L0
I251128 20:49:23.470233 44956 3@pebble/event.go:1219 ⋮ [n3,s3,pebble] 400  [JOB 110] flushing: sstable created 000144
I251128 20:49:23.670204 44956 3@pebble/event.go:1219 ⋮ [n3,s3,pebble] 401  [JOB 110] flushing: sstable created 000145
I251128 20:49:23.694249 44956 3@pebble/event.go:1219 ⋮ [n3,s3,pebble] 402  [JOB 110] flushing: sstable created 000146
I251128 20:49:24.264078 44956 3@pebble/event.go:1195 ⋮ [n3,s3,pebble] 403  [JOB 110] flushed 1 memtable (63MB) to L0 [000144 000145 000146] (1.7MB), in 0.8s (0.8s total), output rate 2.1MB/s
I251128 20:49:24.264279 45108 3@pebble/event.go:1179 ⋮ [n3,s3,pebble] 404  [JOB 112] compacting(default) L0 [000145] (1.3KB) Score=10.76 + L6 [000140] (1.1KB) Score=0.00; OverlappingRatio: Single 0.87, Multi 0.00
I251128 20:49:24.264330 45107 3@pebble/event.go:1179 ⋮ [n3,s3,pebble] 405  [JOB 113] compacting(default) L0 [000144] (840KB) Score=12.48 + L6 [000139] (310KB) Score=0.00; OverlappingRatio: Single 0.37, Multi 0.00
I251128 20:49:24.272409 45108 3@pebble/event.go:1219 ⋮ [n3,s3,pebble] 406  [JOB 112] compacting: sstable created 000147
I251128 20:49:24.280232 45107 3@pebble/event.go:1219 ⋮ [n3,s3,pebble] 407  [JOB 113] compacting: sstable created 000148
I251128 20:49:24.308049 45108 3@pebble/event.go:1183 ⋮ [n3,s3,pebble] 408  [JOB 112] compacted(default) L0 [000145] (1.3KB) Score=10.76 + L6 [000140] (1.1KB) Score=0.00 -> L6 [000147] (1.1KB), in 0.0s (0.0s total), output rate 40KB/s
I251128 20:49:24.479242 45107 3@pebble/event.go:1183 ⋮ [n3,s3,pebble] 409  [JOB 113] compacted(default) L0 [000144] (840KB) Score=12.48 + L6 [000139] (310KB) Score=0.00 -> L6 [000148] (374KB), in 0.2s (0.2s total), output rate 1.8MB/s
I251128 20:49:24.479329 45076 3@pebble/event.go:1179 ⋮ [n3,s3,pebble] 410  [JOB 114] compacting(default) L0 [000146] (861KB) Score=12.33 + L6 [000141 000142] (4.8MB) Score=0.00; OverlappingRatio: Single 5.74, Multi 0.00
I251128 20:49:24.479494 84 3@pebble/event.go:1223 ⋮ [n3,s3,pebble] 411  [JOB 113] sstable deleted 000139
I251128 20:49:24.483633 84 3@pebble/event.go:1223 ⋮ [n3,s3,pebble] 412  [JOB 113] sstable deleted 000140
I251128 20:49:24.491818 45076 3@pebble/event.go:1219 ⋮ [n3,s3,pebble] 413  [JOB 114] compacting: sstable created 000149
I251128 20:49:24.491874 84 3@pebble/event.go:1223 ⋮ [n3,s3,pebble] 414  [JOB 113] sstable deleted 000144
I251128 20:49:24.500806 84 3@pebble/event.go:1223 ⋮ [n3,s3,pebble] 415  [JOB 113] sstable deleted 000145
I251128 20:49:26.887314 45076 3@pebble/event.go:1219 ⋮ [n3,s3,pebble] 416  [JOB 114] compacting: sstable created 000150
I251128 20:49:27.558229 45076 3@pebble/event.go:1183 ⋮ [n3,s3,pebble] 417  [JOB 114] compacted(default) L0 [000146] (861KB) Score=12.33 + L6 [000141 000142] (4.8MB) Score=0.00 -> L6 [000149 000150] (5.3MB), in 3.1s (3.1s total), output rate 1.7MB/s
I251128 20:49:27.562459 84 3@pebble/event.go:1223 ⋮ [n3,s3,pebble] 418  [JOB 114] sstable deleted 000141
I251128 20:49:27.566951 84 3@pebble/event.go:1223 ⋮ [n3,s3,pebble] 419  [JOB 114] sstable deleted 000142
I251128 20:49:27.571556 84 3@pebble/event.go:1223 ⋮ [n3,s3,pebble] 420  [JOB 114] sstable deleted 000146
I251128 20:51:14.073550 890 3@pebble/event.go:1239 ⋮ [n3,s3,pebble] 421  [JOB 115] WAL created 000151 (recycled 000113)
I251128 20:51:14.073654 48063 3@pebble/event.go:1191 ⋮ [n3,s3,pebble] 422  [JOB 116] flushing 1 memtable (64MB) to L0
I251128 20:51:14.073867 48063 3@pebble/event.go:1219 ⋮ [n3,s3,pebble] 423  [JOB 116] flushing: sstable created 000152
I251128 20:51:14.282790 48063 3@pebble/event.go:1219 ⋮ [n3,s3,pebble] 424  [JOB 116] flushing: sstable created 000153
I251128 20:51:14.310926 48063 3@pebble/event.go:1219 ⋮ [n3,s3,pebble] 425  [JOB 116] flushing: sstable created 000154
I251128 20:51:14.795905 48063 3@pebble/event.go:1195 ⋮ [n3,s3,pebble] 426  [JOB 116] flushed 1 memtable (64MB) to L0 [000152 000153 000154] (1.7MB), in 0.7s (0.7s total), output rate 2.4MB/s
I251128 20:51:14.796002 48139 3@pebble/event.go:1179 ⋮ [n3,s3,pebble] 427  [JOB 118] compacting(default) L0 [000152] (887KB) Score=11.33 + L6 [000148] (374KB) Score=0.00; OverlappingRatio: Single 0.42, Multi 0.00
I251128 20:51:14.807773 48139 3@pebble/event.go:1219 ⋮ [n3,s3,pebble] 428  [JOB 118] compacting: sstable created 000155
I251128 20:51:15.071451 48139 3@pebble/event.go:1183 ⋮ [n3,s3,pebble] 429  [JOB 118] compacted(default) L0 [000152] (887KB) Score=11.33 + L6 [000148] (374KB) Score=0.00 -> L6 [000155] (437KB), in 0.3s (0.3s total), output rate 1.7MB/s
I251128 20:51:15.071522 48140 3@pebble/event.go:1179 ⋮ [n3,s3,pebble] 430  [JOB 119] compacting(default) L0 [000153] (1.3KB) Score=11.21 + L6 [000147] (1.1KB) Score=0.00; OverlappingRatio: Single 0.88, Multi 0.00
I251128 20:51:15.072184 84 3@pebble/event.go:1223 ⋮ [n3,s3,pebble] 431  [JOB 118] sstable deleted 000148
I251128 20:51:15.079695 48140 3@pebble/event.go:1219 ⋮ [n3,s3,pebble] 432  [JOB 119] compacting: sstable created 000156
I251128 20:51:15.079776 84 3@pebble/event.go:1223 ⋮ [n3,s3,pebble] 433  [JOB 118] sstable deleted 000152
I251128 20:51:15.115543 48140 3@pebble/event.go:1183 ⋮ [n3,s3,pebble] 434  [JOB 119] compacted(default) L0 [000153] (1.3KB) Score=11.21 + L6 [000147] (1.1KB) Score=0.00 -> L6 [000156] (1.1KB), in 0.0s (0.0s total), output rate 40KB/s
I251128 20:51:15.115592 48172 3@pebble/event.go:1179 ⋮ [n3,s3,pebble] 435  [JOB 120] compacting(default) L0 [000154] (850KB) Score=11.21 + L6 [000149 000150] (5.3MB) Score=0.00; OverlappingRatio: Single 6.36, Multi 0.00
I251128 20:51:15.115900 84 3@pebble/event.go:1223 ⋮ [n3,s3,pebble] 436  [JOB 119] sstable deleted 000147
I251128 20:51:15.115955 84 3@pebble/event.go:1223 ⋮ [n3,s3,pebble] 437  [JOB 119] sstable deleted 000153
I251128 20:51:15.116036 48172 3@pebble/event.go:1219 ⋮ [n3,s3,pebble] 438  [JOB 120] compacting: sstable created 000157
I251128 20:51:17.771905 48172 3@pebble/event.go:1219 ⋮ [n3,s3,pebble] 439  [JOB 120] compacting: sstable created 000158
I251128 20:51:18.755586 48172 3@pebble/event.go:1183 ⋮ [n3,s3,pebble] 440  [JOB 120] compacted(default) L0 [000154] (850KB) Score=11.21 + L6 [000149 000150] (5.3MB) Score=0.00 -> L6 [000157 000158] (5.7MB), in 3.6s (3.6s total), output rate 1.6MB/s
I251128 20:51:18.760051 84 3@pebble/event.go:1223 ⋮ [n3,s3,pebble] 441  [JOB 120] sstable deleted 000149
I251128 20:51:18.764344 84 3@pebble/event.go:1223 ⋮ [n3,s3,pebble] 442  [JOB 120] sstable deleted 000150
I251128 20:51:18.769080 84 3@pebble/event.go:1223 ⋮ [n3,s3,pebble] 443  [JOB 120] sstable deleted 000154
I251128 20:52:59.583926 900 3@pebble/event.go:1239 ⋮ [n3,s3,pebble] 444  [JOB 121] WAL created 000159 (recycled 000120)
I251128 20:52:59.584014 50632 3@pebble/event.go:1191 ⋮ [n3,s3,pebble] 445  [JOB 122] flushing 1 memtable (64MB) to L0
I251128 20:52:59.592280 50632 3@pebble/event.go:1219 ⋮ [n3,s3,pebble] 446  [JOB 122] flushing: sstable created 000160
I251128 20:52:59.910227 50632 3@pebble/event.go:1219 ⋮ [n3,s3,pebble] 447  [JOB 122] flushing: sstable created 000161
I251128 20:52:59.942614 50632 3@pebble/event.go:1219 ⋮ [n3,s3,pebble] 448  [JOB 122] flushing: sstable created 000162
I251128 20:53:00.454911 50632 3@pebble/event.go:1195 ⋮ [n3,s3,pebble] 449  [JOB 122] flushed 1 memtable (64MB) to L0 [000160 000161 000162] (1.8MB), in 0.9s (0.9s total), output rate 2.1MB/s
I251128 20:53:00.454991 51323 3@pebble/event.go:1179 ⋮ [n3,s3,pebble] 450  [JOB 124] compacting(default) L0 [000160] (918KB) Score=10.40 + L6 [000155] (437KB) Score=0.00; OverlappingRatio: Single 0.48, Multi 0.00
I251128 20:53:00.467188 51323 3@pebble/event.go:1219 ⋮ [n3,s3,pebble] 451  [JOB 124] compacting: sstable created 000163
I251128 20:53:00.674893 51323 3@pebble/event.go:1183 ⋮ [n3,s3,pebble] 452  [JOB 124] compacted(default) L0 [000160] (918KB) Score=10.40 + L6 [000155] (437KB) Score=0.00 -> L6 [000163] (280KB), in 0.2s (0.2s total), output rate 1.3MB/s
I251128 20:53:00.674983 50635 3@pebble/event.go:1179 ⋮ [n3,s3,pebble] 453  [JOB 125] compacting(default) L0 [000161] (1.5KB) Score=10.67 + L6 [000156] (1.1KB) Score=0.00; OverlappingRatio: Single 0.77, Multi 0.00
I251128 20:53:00.679202 84 3@pebble/event.go:1223 ⋮ [n3,s3,pebble] 454  [JOB 124] sstable deleted 000155
I251128 20:53:00.687360 84 3@pebble/event.go:1223 ⋮ [n3,s3,pebble] 455  [JOB 124] sstable deleted 000160
I251128 20:53:00.691205 50635 3@pebble/event.go:1219 ⋮ [n3,s3,pebble] 456  [JOB 125] compacting: sstable created 000164
I251128 20:53:00.731906 50635 3@pebble/event.go:1183 ⋮ [n3,s3,pebble] 457  [JOB 125] compacted(default) L0 [000161] (1.5KB) Score=10.67 + L6 [000156] (1.1KB) Score=0.00 -> L6 [000164] (1.2KB), in 0.0s (0.1s total), output rate 33KB/s
I251128 20:53:00.731964 50638 3@pebble/event.go:1179 ⋮ [n3,s3,pebble] 458  [JOB 126] compacting(default) L0 [000162] (944KB) Score=10.67 + L6 [000157 000158] (5.7MB) Score=0.00; OverlappingRatio: Single 6.21, Multi 0.00
I251128 20:53:00.732311 84 3@pebble/event.go:1223 ⋮ [n3,s3,pebble] 459  [JOB 125] sstable deleted 000156
I251128 20:53:00.736270 84 3@pebble/event.go:1223 ⋮ [n3,s3,pebble] 460  [JOB 125] sstable deleted 000161
I251128 20:53:00.744205 50638 3@pebble/event.go:1219 ⋮ [n3,s3,pebble] 461  [JOB 126] compacting: sstable created 000165
I251128 20:53:03.115349 50638 3@pebble/event.go:1219 ⋮ [n3,s3,pebble] 462  [JOB 126] compacting: sstable created 000166
I251128 20:53:03.952995 50638 3@pebble/event.go:1183 ⋮ [n3,s3,pebble] 463  [JOB 126] compacted(default) L0 [000162] (944KB) Score=10.67 + L6 [000157 000158] (5.7MB) Score=0.00 -> L6 [000165 000166] (6.3MB), in 3.2s (3.2s total), output rate 1.9MB/s
I251128 20:53:03.953310 84 3@pebble/event.go:1223 ⋮ [n3,s3,pebble] 464  [JOB 126] sstable deleted 000157
I251128 20:53:03.957636 84 3@pebble/event.go:1223 ⋮ [n3,s3,pebble] 465  [JOB 126] sstable deleted 000158
I251128 20:53:03.961418 84 3@pebble/event.go:1223 ⋮ [n3,s3,pebble] 466  [JOB 126] sstable deleted 000162
I251128 20:54:33.210218 890 3@pebble/event.go:1239 ⋮ [n3,s3,pebble] 467  [JOB 127] WAL created 000167 (recycled 000127)
I251128 20:54:33.210318 54124 3@pebble/event.go:1191 ⋮ [n3,s3,pebble] 468  [JOB 128] flushing 1 memtable (64MB) to L0
I251128 20:54:33.210573 54124 3@pebble/event.go:1219 ⋮ [n3,s3,pebble] 469  [JOB 128] flushing: sstable created 000168
I251128 20:54:33.557537 54124 3@pebble/event.go:1219 ⋮ [n3,s3,pebble] 470  [JOB 128] flushing: sstable created 000169
I251128 20:54:33.577424 54124 3@pebble/event.go:1219 ⋮ [n3,s3,pebble] 471  [JOB 128] flushing: sstable created 000170
I251128 20:54:34.094196 54124 3@pebble/event.go:1195 ⋮ [n3,s3,pebble] 472  [JOB 128] flushed 1 memtable (64MB) to L0 [000168 000169 000170] (2.1MB), in 0.9s (0.9s total), output rate 2.5MB/s
I251128 20:54:34.094333 54135 3@pebble/event.go:1179 ⋮ [n3,s3,pebble] 473  [JOB 130] compacting(default) L0 [000168] (1.1MB) Score=9.80 + L6 [000163] (280KB) Score=0.00; OverlappingRatio: Single 0.24, Multi 0.00
I251128 20:54:34.102536 54135 3@pebble/event.go:1219 ⋮ [n3,s3,pebble] 474  [JOB 130] compacting: sstable created 000171
I251128 20:54:34.311186 54135 3@pebble/event.go:1183 ⋮ [n3,s3,pebble] 475  [JOB 130] compacted(default) L0 [000168] (1.1MB) Score=9.80 + L6 [000163] (280KB) Score=0.00 -> L6 [000171] (363KB), in 0.2s (0.2s total), output rate 1.7MB/s
I251128 20:54:34.311273 54198 3@pebble/event.go:1179 ⋮ [n3,s3,pebble] 476  [JOB 131] compacting(default) L0 [000169] (1.4KB) Score=9.68 + L6 [000164] (1.2KB) Score=0.00; OverlappingRatio: Single 0.88, Multi 0.00
I251128 20:54:34.319208 84 3@pebble/event.go:1223 ⋮ [n3,s3,pebble] 477  [JOB 130] sstable deleted 000163
I251128 20:54:34.323504 84 3@pebble/event.go:1223 ⋮ [n3,s3,pebble] 478  [JOB 130] sstable deleted 000168
I251128 20:54:34.331710 54198 3@pebble/event.go:1219 ⋮ [n3,s3,pebble] 479  [JOB 131] compacting: sstable created 000172
I251128 20:54:34.371214 54198 3@pebble/event.go:1183 ⋮ [n3,s3,pebble] 480  [JOB 131] compacted(default) L0 [000169] (1.4KB) Score=9.68 + L6 [000164] (1.2KB) Score=0.00 -> L6 [000172] (1.1KB), in 0.0s (0.1s total), output rate 28KB/s
I251128 20:54:34.371281 54027 3@pebble/event.go:1179 ⋮ [n3,s3,pebble] 481  [JOB 132] compacting(default) L0 [000170] (1.0MB) Score=9.68 + L6 [000165 000166] (6.3MB) Score=0.00; OverlappingRatio: Single 6.20, Multi 0.00
I251128 20:54:34.371514 84 3@pebble/event.go:1223 ⋮ [n3,s3,pebble] 482  [JOB 131] sstable deleted 000164
I251128 20:54:34.379570 84 3@pebble/event.go:1223 ⋮ [n3,s3,pebble] 483  [JOB 131] sstable deleted 000169
I251128 20:54:34.387533 54027 3@pebble/event.go:1219 ⋮ [n3,s3,pebble] 484  [JOB 132] compacting: sstable created 000173
I251128 20:54:36.970680 54027 3@pebble/event.go:1219 ⋮ [n3,s3,pebble] 485  [JOB 132] compacting: sstable created 000174
I251128 20:54:38.062296 54027 3@pebble/event.go:1183 ⋮ [n3,s3,pebble] 486  [JOB 132] compacted(default) L0 [000170] (1.0MB) Score=9.68 + L6 [000165 000166] (6.3MB) Score=0.00 -> L6 [000173 000174] (6.8MB), in 3.7s (3.7s total), output rate 1.9MB/s
I251128 20:54:38.066380 84 3@pebble/event.go:1223 ⋮ [n3,s3,pebble] 487  [JOB 132] sstable deleted 000165
I251128 20:54:38.074336 84 3@pebble/event.go:1223 ⋮ [n3,s3,pebble] 488  [JOB 132] sstable deleted 000166
I251128 20:54:38.074585 84 3@pebble/event.go:1223 ⋮ [n3,s3,pebble] 489  [JOB 132] sstable deleted 000170
I251128 20:56:03.195428 888 3@pebble/event.go:1239 ⋮ [n3,s3,pebble] 490  [JOB 133] WAL created 000175 (recycled 000135)
I251128 20:56:03.195519 57155 3@pebble/event.go:1191 ⋮ [n3,s3,pebble] 491  [JOB 134] flushing 1 memtable (63MB) to L0
I251128 20:56:03.195646 57155 3@pebble/event.go:1219 ⋮ [n3,s3,pebble] 492  [JOB 134] flushing: sstable created 000176
I251128 20:56:03.500674 57155 3@pebble/event.go:1219 ⋮ [n3,s3,pebble] 493  [JOB 134] flushing: sstable created 000177
I251128 20:56:03.527692 57155 3@pebble/event.go:1219 ⋮ [n3,s3,pebble] 494  [JOB 134] flushing: sstable created 000178
I251128 20:56:04.043519 57155 3@pebble/event.go:1195 ⋮ [n3,s3,pebble] 495  [JOB 134] flushed 1 memtable (63MB) to L0 [000176 000177 000178] (2.2MB), in 0.8s (0.8s total), output rate 2.6MB/s
I251128 20:56:04.043654 57170 3@pebble/event.go:1179 ⋮ [n3,s3,pebble] 496  [JOB 136] compacting(default) L0 [000176] (1.1MB) Score=8.91 + L6 [000171] (363KB) Score=0.00; OverlappingRatio: Single 0.32, Multi 0.00
I251128 20:56:04.051741 57170 3@pebble/event.go:1219 ⋮ [n3,s3,pebble] 497  [JOB 136] compacting: sstable created 000179
I251128 20:56:04.248558 57170 3@pebble/event.go:1183 ⋮ [n3,s3,pebble] 498  [JOB 136] compacted(default) L0 [000176] (1.1MB) Score=8.91 + L6 [000171] (363KB) Score=0.00 -> L6 [000179] (410KB), in 0.2s (0.2s total), output rate 2.1MB/s
I251128 20:56:04.248635 57171 3@pebble/event.go:1179 ⋮ [n3,s3,pebble] 499  [JOB 137] compacting(default) L0 [000177] (1.5KB) Score=8.85 + L6 [000172] (1.1KB) Score=0.00; OverlappingRatio: Single 0.73, Multi 0.00
I251128 20:56:04.253026 84 3@pebble/event.go:1223 ⋮ [n3,s3,pebble] 500  [JOB 136] sstable deleted 000171
I251128 20:56:04.261004 57171 3@pebble/event.go:1219 ⋮ [n3,s3,pebble] 501  [JOB 137] compacting: sstable created 000180
I251128 20:56:04.261078 84 3@pebble/event.go:1223 ⋮ [n3,s3,pebble] 502  [JOB 136] sstable deleted 000176
I251128 20:56:04.292512 57171 3@pebble/event.go:1183 ⋮ [n3,s3,pebble] 503  [JOB 137] compacted(default) L0 [000177] (1.5KB) Score=8.85 + L6 [000172] (1.1KB) Score=0.00 -> L6 [000180] (1.3KB), in 0.0s (0.0s total), output rate 40KB/s
I251128 20:56:04.292577 57174 3@pebble/event.go:1179 ⋮ [n3,s3,pebble] 504  [JOB 138] compacting(default) L0 [000178] (1.0MB) Score=8.85 + L6 [000173 000174] (6.8MB) Score=0.00; OverlappingRatio: Single 6.57, Multi 0.00
I251128 20:56:04.296971 84 3@pebble/event.go:1223 ⋮ [n3,s3,pebble] 505  [JOB 137] sstable deleted 000172
I251128 20:56:04.304927 57174 3@pebble/event.go:1219 ⋮ [n3,s3,pebble] 506  [JOB 138] compacting: sstable created 000181
I251128 20:56:04.304989 84 3@pebble/event.go:1223 ⋮ [n3,s3,pebble] 507  [JOB 137] sstable deleted 000177
I251128 20:56:06.824711 57174 3@pebble/event.go:1219 ⋮ [n3,s3,pebble] 508  [JOB 138] compacting: sstable created 000182
I251128 20:56:08.184582 57174 3@pebble/event.go:1183 ⋮ [n3,s3,pebble] 509  [JOB 138] compacted(default) L0 [000178] (1.0MB) Score=8.85 + L6 [000173 000174] (6.8MB) Score=0.00 -> L6 [000181 000182] (7.5MB), in 3.9s (3.9s total), output rate 1.9MB/s
I251128 20:56:08.188574 84 3@pebble/event.go:1223 ⋮ [n3,s3,pebble] 510  [JOB 138] sstable deleted 000173
I251128 20:56:08.193024 84 3@pebble/event.go:1223 ⋮ [n3,s3,pebble] 511  [JOB 138] sstable deleted 000174
I251128 20:56:08.196930 84 3@pebble/event.go:1223 ⋮ [n3,s3,pebble] 512  [JOB 138] sstable deleted 000178
I251128 20:57:03.982850 937 3@kv/kvserver/store.go:3799 ⋮ [T1,Vsystem,n3,s3] 513  Pebble metrics:
I251128 20:57:03.982850 937 3@kv/kvserver/store.go:3799 ⋮ [T1,Vsystem,n3,s3] 513 +      |                             |                |       |   ingested   |     moved    |    written   |       |    amp   |    val sep
I251128 20:57:03.982850 937 3@kv/kvserver/store.go:3799 ⋮ [T1,Vsystem,n3,s3] 513 +level | tables  size val-bl vtables | score  ff  cff |   in  | tables  size | tables  size | tables  size |  read |   r   w  | refsz  valblk
I251128 20:57:03.982850 937 3@kv/kvserver/store.go:3799 ⋮ [T1,Vsystem,n3,s3] 513 +------+-----------------------------+----------------+-------+--------------+--------------+--------------+-------+----------+--------------
I251128 20:57:03.982850 937 3@kv/kvserver/store.go:3799 ⋮ [T1,Vsystem,n3,s3] 513 +    0 |     0     0B     0B       0 |    -    0    0 | 823MB |    15   19KB |     0     0B |    60   24MB |    0B |   0 0.03 |    0B      0B
I251128 20:57:03.982850 937 3@kv/kvserver/store.go:3799 ⋮ [T1,Vsystem,n3,s3] 513 +    1 |     0     0B     0B       0 |    -    0    0 |    0B |     0     0B |     0     0B |     0     0B |    0B |   0    0 |    0B      0B
I251128 20:57:03.982850 937 3@kv/kvserver/store.go:3799 ⋮ [T1,Vsystem,n3,s3] 513 +    2 |     0     0B     0B       0 |    -    0    0 |    0B |     0     0B |     0     0B |     0     0B |    0B |   0    0 |    0B      0B
I251128 20:57:03.982850 937 3@kv/kvserver/store.go:3799 ⋮ [T1,Vsystem,n3,s3] 513 +    3 |     0     0B     0B       0 |    -    0    0 |    0B |     0     0B |     0     0B |     0     0B |    0B |   0    0 |    0B      0B
I251128 20:57:03.982850 937 3@kv/kvserver/store.go:3799 ⋮ [T1,Vsystem,n3,s3] 513 +    4 |     0     0B     0B       0 |    -    0    0 |    0B |     0     0B |     0     0B |     0     0B |    0B |   0    0 |    0B      0B
I251128 20:57:03.982850 937 3@kv/kvserver/store.go:3799 ⋮ [T1,Vsystem,n3,s3] 513 +    5 |     0     0B     0B       0 |    -    0    0 |    0B |     0     0B |     0     0B |     0     0B |    0B |   0    0 |    0B      0B
I251128 20:57:03.982850 937 3@kv/kvserver/store.go:3799 ⋮ [T1,Vsystem,n3,s3] 513 +    6 |     4  7.9MB  1.9MB       0 |    - 0.12 0.12 |  24MB |     3  494KB |     1   32KB |    67   67MB |  84MB |   1 2.75 |    0B   1.9MB
I251128 20:57:03.982850 937 3@kv/kvserver/store.go:3799 ⋮ [T1,Vsystem,n3,s3] 513 +total |     4  7.9MB  1.9MB       0 |    -    -    - | 862MB |    18  513KB |     1   32KB |   127  954MB |  84MB |   1 1.11 |    0B   1.9MB
I251128 20:57:03.982850 937 3@kv/kvserver/store.go:3799 ⋮ [T1,Vsystem,n3,s3] 513 +--------------------------------------------------------------------------------------------------------------------------------------------
I251128 20:57:03.982850 937 3@kv/kvserver/store.go:3799 ⋮ [T1,Vsystem,n3,s3] 513 +WAL: 1 files (39MB)  in: 848MB  written: 862MB (2% overhead)
I251128 20:57:03.982850 937 3@kv/kvserver/store.go:3799 ⋮ [T1,Vsystem,n3,s3] 513 +Flushes: 22
I251128 20:57:03.982850 937 3@kv/kvserver/store.go:3799 ⋮ [T1,Vsystem,n3,s3] 513 +Compactions: 60  estimated debt: 0B  in progress: 0 (0B)  canceled: 1 (0B)  failed: 0  problem spans: 0
I251128 20:57:03.982850 937 3@kv/kvserver/store.go:3799 ⋮ [T1,Vsystem,n3,s3] 513 +             default: 59  delete: 0  elision: 0  move: 1  read: 0  tombstone-density: 0  rewrite: 0  copy: 0  multi-level: 0  blob-file-rewrite:  0
I251128 20:57:03.982850 937 3@kv/kvserver/store.go:3799 ⋮ [T1,Vsystem,n3,s3] 513 +MemTables: 1 (64MB)  zombie: 1 (64MB)
I251128 20:57:03.982850 937 3@kv/kvserver/store.go:3799 ⋮ [T1,Vsystem,n3,s3] 513 +Zombie tables: 0 (0B, local: 0B)
I251128 20:57:03.982850 937 3@kv/kvserver/store.go:3799 ⋮ [T1,Vsystem,n3,s3] 513 +Backing tables: 0 (0B)
I251128 20:57:03.982850 937 3@kv/kvserver/store.go:3799 ⋮ [T1,Vsystem,n3,s3] 513 +Virtual tables: 0 (0B)
I251128 20:57:03.982850 937 3@kv/kvserver/store.go:3799 ⋮ [T1,Vsystem,n3,s3] 513 +Local tables size: 7.9MB
I251128 20:57:03.982850 937 3@kv/kvserver/store.go:3799 ⋮ [T1,Vsystem,n3,s3] 513 +Compression types: unknown: 4
I251128 20:57:03.982850 937 3@kv/kvserver/store.go:3799 ⋮ [T1,Vsystem,n3,s3] 513 +Table stats: all loaded
I251128 20:57:03.982850 937 3@kv/kvserver/store.go:3799 ⋮ [T1,Vsystem,n3,s3] 513 +Block cache: 0 entries (0B)  hit rate: 26.2%
I251128 20:57:03.982850 937 3@kv/kvserver/store.go:3799 ⋮ [T1,Vsystem,n3,s3] 513 +File cache: 3 tables, 0 blobfiles (1.5KB)  hit rate: 99.4%
I251128 20:57:03.982850 937 3@kv/kvserver/store.go:3799 ⋮ [T1,Vsystem,n3,s3] 513 +Range key sets: 0  Tombstones: 0  Total missized tombstones encountered: 0
I251128 20:57:03.982850 937 3@kv/kvserver/store.go:3799 ⋮ [T1,Vsystem,n3,s3] 513 +Snapshots: 0  earliest seq num: 0
I251128 20:57:03.982850 937 3@kv/kvserver/store.go:3799 ⋮ [T1,Vsystem,n3,s3] 513 +Table iters: 0
I251128 20:57:03.982850 937 3@kv/kvserver/store.go:3799 ⋮ [T1,Vsystem,n3,s3] 513 +Filter utility: 28.9%
I251128 20:57:03.982850 937 3@kv/kvserver/store.go:3799 ⋮ [T1,Vsystem,n3,s3] 513 +Ingestions: 3  as flushable: 2 (385KB in 12 tables)
I251128 20:57:03.982850 937 3@kv/kvserver/store.go:3799 ⋮ [T1,Vsystem,n3,s3] 513 +Cgo memory usage: 128MB  block cache: 17KB (data: 0B, maps: 16KB, entries: 960B)  memtables: 128MB
I251128 20:57:28.235569 902 3@pebble/event.go:1239 ⋮ [n3,s3,pebble] 514  [JOB 139] WAL created 000183 (recycled 000143)
I251128 20:57:28.235652 60056 3@pebble/event.go:1191 ⋮ [n3,s3,pebble] 515  [JOB 140] flushing 1 memtable (64MB) to L0
I251128 20:57:28.235800 60056 3@pebble/event.go:1219 ⋮ [n3,s3,pebble] 516  [JOB 140] flushing: sstable created 000184
I251128 20:57:28.617856 60056 3@pebble/event.go:1219 ⋮ [n3,s3,pebble] 517  [JOB 140] flushing: sstable created 000185
I251128 20:57:28.655987 60056 3@pebble/event.go:1219 ⋮ [n3,s3,pebble] 518  [JOB 140] flushing: sstable created 000186
I251128 20:57:29.292041 60056 3@pebble/event.go:1195 ⋮ [n3,s3,pebble] 519  [JOB 140] flushed 1 memtable (64MB) to L0 [000184 000185 000186] (2.1MB), in 1.0s (1.1s total), output rate 2.0MB/s
I251128 20:57:29.292134 59281 3@pebble/event.go:1179 ⋮ [n3,s3,pebble] 520  [JOB 142] compacting(default) L0 [000184] (1.1MB) Score=8.12 + L6 [000179] (410KB) Score=0.00; OverlappingRatio: Single 0.35, Multi 0.00
I251128 20:57:29.299940 59281 3@pebble/event.go:1219 ⋮ [n3,s3,pebble] 521  [JOB 142] compacting: sstable created 000187
I251128 20:57:29.481613 59281 3@pebble/event.go:1183 ⋮ [n3,s3,pebble] 522  [JOB 142] compacted(default) L0 [000184] (1.1MB) Score=8.12 + L6 [000179] (410KB) Score=0.00 -> L6 [000187] (355KB), in 0.2s (0.2s total), output rate 2.0MB/s
I251128 20:57:29.481714 59533 3@pebble/event.go:1179 ⋮ [n3,s3,pebble] 523  [JOB 143] compacting(default) L0 [000185] (1.8KB) Score=8.17 + L6 [000180] (1.3KB) Score=0.00; OverlappingRatio: Single 0.69, Multi 0.00
I251128 20:57:29.481974 84 3@pebble/event.go:1223 ⋮ [n3,s3,pebble] 524  [JOB 142] sstable deleted 000179
I251128 20:57:29.485944 84 3@pebble/event.go:1223 ⋮ [n3,s3,pebble] 525  [JOB 142] sstable deleted 000184
I251128 20:57:29.493851 59533 3@pebble/event.go:1219 ⋮ [n3,s3,pebble] 526  [JOB 143] compacting: sstable created 000188
I251128 20:57:29.525594 59533 3@pebble/event.go:1183 ⋮ [n3,s3,pebble] 527  [JOB 143] compacted(default) L0 [000185] (1.8KB) Score=8.17 + L6 [000180] (1.3KB) Score=0.00 -> L6 [000188] (1.5KB), in 0.0s (0.0s total), output rate 46KB/s
I251128 20:57:29.525688 59536 3@pebble/event.go:1179 ⋮ [n3,s3,pebble] 528  [JOB 144] compacting(default) L0 [000186] (1.0MB) Score=8.17 + L6 [000181 000182] (7.5MB) Score=0.00; OverlappingRatio: Single 7.47, Multi 0.00
I251128 20:57:29.525896 84 3@pebble/event.go:1223 ⋮ [n3,s3,pebble] 529  [JOB 143] sstable deleted 000180
I251128 20:57:29.529909 84 3@pebble/event.go:1223 ⋮ [n3,s3,pebble] 530  [JOB 143] sstable deleted 000185
I251128 20:57:29.537901 59536 3@pebble/event.go:1219 ⋮ [n3,s3,pebble] 531  [JOB 144] compacting: sstable created 000189
I251128 20:57:31.276562 59536 3@pebble/event.go:1219 ⋮ [n3,s3,pebble] 532  [JOB 144] compacting: sstable created 000190
I251128 20:57:31.398036 59536 3@pebble/event.go:1219 ⋮ [n3,s3,pebble] 533  [JOB 144] compacting: sstable created 000191
I251128 20:57:31.410642 59536 3@pebble/event.go:1183 ⋮ [n3,s3,pebble] 534  [JOB 144] compacted(default) L0 [000186] (1.0MB) Score=8.17 + L6 [000181 000182] (7.5MB) Score=0.00 -> L6 [000189 000190 000191] (8.1MB), in 1.9s (1.9s total), output rate 4.3MB/s
I251128 20:57:31.410961 84 3@pebble/event.go:1223 ⋮ [n3,s3,pebble] 535  [JOB 144] sstable deleted 000181
I251128 20:57:31.411077 84 3@pebble/event.go:1223 ⋮ [n3,s3,pebble] 536  [JOB 144] sstable deleted 000182
I251128 20:57:31.411145 84 3@pebble/event.go:1223 ⋮ [n3,s3,pebble] 537  [JOB 144] sstable deleted 000186
I251128 20:58:47.633798 911 3@pebble/event.go:1239 ⋮ [n3,s3,pebble] 538  [JOB 145] WAL created 000192 (recycled 000151)
I251128 20:58:47.633885 62762 3@pebble/event.go:1191 ⋮ [n3,s3,pebble] 539  [JOB 146] flushing 1 memtable (64MB) to L0
I251128 20:58:47.639156 62762 3@pebble/event.go:1219 ⋮ [n3,s3,pebble] 540  [JOB 146] flushing: sstable created 000193
I251128 20:58:47.977048 62762 3@pebble/event.go:1219 ⋮ [n3,s3,pebble] 541  [JOB 146] flushing: sstable created 000194
I251128 20:58:48.009921 62762 3@pebble/event.go:1219 ⋮ [n3,s3,pebble] 542  [JOB 146] flushing: sstable created 000195
I251128 20:58:48.598693 62762 3@pebble/event.go:1195 ⋮ [n3,s3,pebble] 543  [JOB 146] flushed 1 memtable (64MB) to L0 [000193 000194 000195] (2.2MB), in 0.9s (1.0s total), output rate 2.4MB/s
I251128 20:58:48.598770 62852 3@pebble/event.go:1179 ⋮ [n3,s3,pebble] 544  [JOB 148] compacting(default) L0 [000193] (1.2MB) Score=7.60 + L6 [000187] (355KB) Score=0.00; OverlappingRatio: Single 0.29, Multi 0.00
I251128 20:58:48.607071 62852 3@pebble/event.go:1219 ⋮ [n3,s3,pebble] 545  [JOB 148] compacting: sstable created 000196
I251128 20:58:48.787683 62852 3@pebble/event.go:1183 ⋮ [n3,s3,pebble] 546  [JOB 148] compacted(default) L0 [000193] (1.2MB) Score=7.60 + L6 [000187] (355KB) Score=0.00 -> L6 [000196] (279KB), in 0.2s (0.2s total), output rate 1.6MB/s
I251128 20:58:48.787781 62837 3@pebble/event.go:1179 ⋮ [n3,s3,pebble] 547  [JOB 149] compacting(default) L0 [000194] (2.0KB) Score=7.67 + L6 [000188] (1.5KB) Score=0.00; OverlappingRatio: Single 0.74, Multi 0.00
I251128 20:58:48.795730 84 3@pebble/event.go:1223 ⋮ [n3,s3,pebble] 548  [JOB 148] sstable deleted 000187
I251128 20:58:48.799932 62837 3@pebble/event.go:1219 ⋮ [n3,s3,pebble] 549  [JOB 149] compacting: sstable created 000197
I251128 20:58:48.799978 84 3@pebble/event.go:1223 ⋮ [n3,s3,pebble] 550  [JOB 148] sstable deleted 000193
I251128 20:58:48.835950 62837 3@pebble/event.go:1183 ⋮ [n3,s3,pebble] 551  [JOB 149] compacted(default) L0 [000194] (2.0KB) Score=7.67 + L6 [000188] (1.5KB) Score=0.00 -> L6 [000197] (1.5KB), in 0.0s (0.0s total), output rate 46KB/s
I251128 20:58:48.836086 62812 3@pebble/event.go:1179 ⋮ [n3,s3,pebble] 552  [JOB 150] compacting(default) L0 [000195] (1.1MB) Score=7.67 + L6 [000189 000190 000191] (8.1MB) Score=0.00; OverlappingRatio: Single 7.64, Multi 0.00
I251128 20:58:48.843895 84 3@pebble/event.go:1223 ⋮ [n3,s3,pebble] 553  [JOB 149] sstable deleted 000188
I251128 20:58:48.855842 62812 3@pebble/event.go:1219 ⋮ [n3,s3,pebble] 554  [JOB 150] compacting: sstable created 000198
I251128 20:58:48.855905 84 3@pebble/event.go:1223 ⋮ [n3,s3,pebble] 555  [JOB 149] sstable deleted 000194
I251128 20:58:49.798784 62812 3@pebble/event.go:1219 ⋮ [n3,s3,pebble] 556  [JOB 150] compacting: sstable created 000199
I251128 20:58:49.894804 62812 3@pebble/event.go:1219 ⋮ [n3,s3,pebble] 557  [JOB 150] compacting: sstable created 000200
I251128 20:58:49.919625 62812 3@pebble/event.go:1183 ⋮ [n3,s3,pebble] 558  [JOB 150] compacted(default) L0 [000195] (1.1MB) Score=7.67 + L6 [000189 000190 000191] (8.1MB) Score=0.00 -> L6 [000198 000199 000200] (8.7MB), in 1.1s (1.1s total), output rate 8.0MB/s
I251128 20:58:49.920094 84 3@pebble/event.go:1223 ⋮ [n3,s3,pebble] 559  [JOB 150] sstable deleted 000189
I251128 20:58:49.920423 84 3@pebble/event.go:1223 ⋮ [n3,s3,pebble] 560  [JOB 150] sstable deleted 000190
I251128 20:58:49.920498 84 3@pebble/event.go:1223 ⋮ [n3,s3,pebble] 561  [JOB 150] sstable deleted 000191
I251128 20:58:49.920587 84 3@pebble/event.go:1223 ⋮ [n3,s3,pebble] 562  [JOB 150] sstable deleted 000195
I251128 21:00:06.276193 910 3@pebble/event.go:1239 ⋮ [n3,s3,pebble] 563  [JOB 151] WAL created 000201 (recycled 000159)
I251128 21:00:06.276426 65216 3@pebble/event.go:1191 ⋮ [n3,s3,pebble] 564  [JOB 152] flushing 1 memtable (64MB) to L0
I251128 21:00:06.285193 65216 3@pebble/event.go:1219 ⋮ [n3,s3,pebble] 565  [JOB 152] flushing: sstable created 000202
I251128 21:00:06.701984 65216 3@pebble/event.go:1219 ⋮ [n3,s3,pebble] 566  [JOB 152] flushing: sstable created 000203
I251128 21:00:06.728929 65216 3@pebble/event.go:1219 ⋮ [n3,s3,pebble] 567  [JOB 152] flushing: sstable created 000204
I251128 21:00:07.475503 65216 3@pebble/event.go:1219 ⋮ [n3,s3,pebble] 568  [JOB 152] flushing: sstable created 000205
I251128 21:00:07.506732 65216 3@pebble/event.go:1195 ⋮ [n3,s3,pebble] 569  [JOB 152] flushed 1 memtable (64MB) to L0 [000202 000203 000204 000205] (2.4MB), in 1.2s (1.2s total), output rate 2.0MB/s
I251128 21:00:07.506811 65401 3@pebble/event.go:1179 ⋮ [n3,s3,pebble] 570  [JOB 154] compacting(default) L0 [000202] (1.2MB) Score=7.16 + L6 [000196] (279KB) Score=0.00; OverlappingRatio: Single 0.23, Multi 0.00
I251128 21:00:07.519200 65401 3@pebble/event.go:1219 ⋮ [n3,s3,pebble] 571  [JOB 154] compacting: sstable created 000206
I251128 21:00:07.730945 65401 3@pebble/event.go:1183 ⋮ [n3,s3,pebble] 572  [JOB 154] compacted(default) L0 [000202] (1.2MB) Score=7.16 + L6 [000196] (279KB) Score=0.00 -> L6 [000206] (323KB), in 0.2s (0.2s total), output rate 1.5MB/s
I251128 21:00:07.731037 65490 3@pebble/event.go:1179 ⋮ [n3,s3,pebble] 573  [JOB 155] compacting(default) L0 [000203] (1.8KB) Score=7.13 + L6 [000197] (1.5KB) Score=0.00; OverlappingRatio: Single 0.82, Multi 0.00
I251128 21:00:07.731233 84 3@pebble/event.go:1223 ⋮ [n3,s3,pebble] 574  [JOB 154] sstable deleted 000196
I251128 21:00:07.735338 84 3@pebble/event.go:1223 ⋮ [n3,s3,pebble] 575  [JOB 154] sstable deleted 000202
I251128 21:00:07.743159 65490 3@pebble/event.go:1219 ⋮ [n3,s3,pebble] 576  [JOB 155] compacting: sstable created 000207
I251128 21:00:07.778863 65490 3@pebble/event.go:1183 ⋮ [n3,s3,pebble] 577  [JOB 155] compacted(default) L0 [000203] (1.8KB) Score=7.13 + L6 [000197] (1.5KB) Score=0.00 -> L6 [000207] (1.3KB), in 0.0s (0.0s total), output rate 42KB/s
I251128 21:00:07.778923 65494 3@pebble/event.go:1179 ⋮ [n3,s3,pebble] 578  [JOB 156] compacting(default) L0 [000204] (1.2MB) Score=7.13 + L6 [000198 000199] (8.0MB) Score=0.00; OverlappingRatio: Single 6.50, Multi 0.00
I251128 21:00:07.779140 84 3@pebble/event.go:1223 ⋮ [n3,s3,pebble] 579  [JOB 155] sstable deleted 000197
I251128 21:00:07.783172 84 3@pebble/event.go:1223 ⋮ [n3,s3,pebble] 580  [JOB 155] sstable deleted 000203
I251128 21:00:07.792559 65494 3@pebble/event.go:1219 ⋮ [n3,s3,pebble] 581  [JOB 156] compacting: sstable created 000208
I251128 21:00:10.166903 65494 3@pebble/event.go:1219 ⋮ [n3,s3,pebble] 582  [JOB 156] compacting: sstable created 000209
I251128 21:00:10.264070 65494 3@pebble/event.go:1219 ⋮ [n3,s3,pebble] 583  [JOB 156] compacting: sstable created 000210
I251128 21:00:10.309798 65494 3@pebble/event.go:1183 ⋮ [n3,s3,pebble] 584  [JOB 156] compacted(default) L0 [000204] (1.2MB) Score=7.13 + L6 [000198 000199] (8.0MB) Score=0.00 -> L6 [000208 000209 000210] (8.8MB), in 2.5s (2.5s total), output rate 3.5MB/s
I251128 21:00:10.309963 65530 3@pebble/event.go:1179 ⋮ [n3,s3,pebble] 585  [JOB 157] compacting(default) L0 [000205] (18KB) Score=6.52 + L6 [000200] (720KB) Score=0.00; OverlappingRatio: Single 39.17, Multi 0.00
I251128 21:00:10.310969 84 3@pebble/event.go:1223 ⋮ [n3,s3,pebble] 586  [JOB 156] sstable deleted 000198
I251128 21:00:10.311104 84 3@pebble/event.go:1223 ⋮ [n3,s3,pebble] 587  [JOB 156] sstable deleted 000199
I251128 21:00:10.311401 84 3@pebble/event.go:1223 ⋮ [n3,s3,pebble] 588  [JOB 156] sstable deleted 000204
I251128 21:00:10.317300 65530 3@pebble/event.go:1219 ⋮ [n3,s3,pebble] 589  [JOB 157] compacting: sstable created 000211
I251128 21:00:10.363785 65530 3@pebble/event.go:1183 ⋮ [n3,s3,pebble] 590  [JOB 157] compacted(default) L0 [000205] (18KB) Score=6.52 + L6 [000200] (720KB) Score=0.00 -> L6 [000211] (744KB), in 0.0s (0.1s total), output rate 15MB/s
I251128 21:00:10.364072 84 3@pebble/event.go:1223 ⋮ [n3,s3,pebble] 591  [JOB 157] sstable deleted 000200
I251128 21:00:10.364135 84 3@pebble/event.go:1223 ⋮ [n3,s3,pebble] 592  [JOB 157] sstable deleted 000205
I251128 21:01:25.729875 908 3@pebble/event.go:1239 ⋮ [n3,s3,pebble] 593  [JOB 158] WAL created 000212 (recycled 000167)
I251128 21:01:25.729977 68162 3@pebble/event.go:1191 ⋮ [n3,s3,pebble] 594  [JOB 159] flushing 1 memtable (64MB) to L0
I251128 21:01:25.734089 68162 3@pebble/event.go:1219 ⋮ [n3,s3,pebble] 595  [JOB 159] flushing: sstable created 000213
I251128 21:01:25.992996 68162 3@pebble/event.go:1219 ⋮ [n3,s3,pebble] 596  [JOB 159] flushing: sstable created 000214
I251128 21:01:26.013154 68162 3@pebble/event.go:1219 ⋮ [n3,s3,pebble] 597  [JOB 159] flushing: sstable created 000215
I251128 21:01:26.637094 68162 3@pebble/event.go:1195 ⋮ [n3,s3,pebble] 598  [JOB 159] flushed 1 memtable (64MB) to L0 [000213 000214 000215] (2.3MB), in 0.9s (0.9s total), output rate 2.6MB/s
I251128 21:01:26.637187 68194 3@pebble/event.go:1179 ⋮ [n3,s3,pebble] 599  [JOB 161] compacting(default) L0 [000213] (1.2MB) Score=6.50 + L6 [000206] (323KB) Score=0.00; OverlappingRatio: Single 0.25, Multi 0.00
I251128 21:01:26.645086 68194 3@pebble/event.go:1219 ⋮ [n3,s3,pebble] 600  [JOB 161] compacting: sstable created 000216
I251128 21:01:26.865755 68194 3@pebble/event.go:1183 ⋮ [n3,s3,pebble] 601  [JOB 161] compacted(default) L0 [000213] (1.2MB) Score=6.50 + L6 [000206] (323KB) Score=0.00 -> L6 [000216] (323KB), in 0.2s (0.2s total), output rate 1.5MB/s
I251128 21:01:26.865840 68196 3@pebble/event.go:1179 ⋮ [n3,s3,pebble] 602  [JOB 162] compacting(default) L0 [000214] (1.9KB) Score=6.50 + L6 [000207] (1.3KB) Score=0.00; OverlappingRatio: Single 0.68, Multi 0.00
I251128 21:01:26.866045 84 3@pebble/event.go:1223 ⋮ [n3,s3,pebble] 603  [JOB 161] sstable deleted 000206
I251128 21:01:26.866144 84 3@pebble/event.go:1223 ⋮ [n3,s3,pebble] 604  [JOB 161] sstable deleted 000213
I251128 21:01:26.869939 68196 3@pebble/event.go:1219 ⋮ [n3,s3,pebble] 605  [JOB 162] compacting: sstable created 000217
I251128 21:01:26.901733 68196 3@pebble/event.go:1183 ⋮ [n3,s3,pebble] 606  [JOB 162] compacted(default) L0 [000214] (1.9KB) Score=6.50 + L6 [000207] (1.3KB) Score=0.00 -> L6 [000217] (1.4KB), in 0.0s (0.0s total), output rate 70KB/s
I251128 21:01:26.901803 68199 3@pebble/event.go:1179 ⋮ [n3,s3,pebble] 607  [JOB 163] compacting(default) L0 [000215] (1.1MB) Score=6.50 + L6 [000208 000209 000210 000211] (9.5MB) Score=0.00; OverlappingRatio: Single 9.00, Multi 0.00
I251128 21:01:26.901926 84 3@pebble/event.go:1223 ⋮ [n3,s3,pebble] 608  [JOB 162] sstable deleted 000207
I251128 21:01:26.906060 84 3@pebble/event.go:1223 ⋮ [n3,s3,pebble] 609  [JOB 162] sstable deleted 000214
I251128 21:01:26.917935 68199 3@pebble/event.go:1219 ⋮ [n3,s3,pebble] 610  [JOB 163] compacting: sstable created 000218
I251128 21:01:28.809939 68199 3@pebble/event.go:1219 ⋮ [n3,s3,pebble] 611  [JOB 163] compacting: sstable created 000219
I251128 21:01:28.893899 68199 3@pebble/event.go:1219 ⋮ [n3,s3,pebble] 612  [JOB 163] compacting: sstable created 000220
I251128 21:01:28.926830 68199 3@pebble/event.go:1183 ⋮ [n3,s3,pebble] 613  [JOB 163] compacted(default) L0 [000215] (1.1MB) Score=6.50 + L6 [000208 000209 000210 000211] (9.5MB) Score=0.00 -> L6 [000218 000219 000220] (10MB), in 2.0s (2.0s total), output rate 5.0MB/s
I251128 21:01:28.927415 84 3@pebble/event.go:1223 ⋮ [n3,s3,pebble] 614  [JOB 163] sstable deleted 000208
I251128 21:01:28.927660 84 3@pebble/event.go:1223 ⋮ [n3,s3,pebble] 615  [JOB 163] sstable deleted 000209
I251128 21:01:28.927727 84 3@pebble/event.go:1223 ⋮ [n3,s3,pebble] 616  [JOB 163] sstable deleted 000210
I251128 21:01:28.927883 84 3@pebble/event.go:1223 ⋮ [n3,s3,pebble] 617  [JOB 163] sstable deleted 000211
I251128 21:01:28.927945 84 3@pebble/event.go:1223 ⋮ [n3,s3,pebble] 618  [JOB 163] sstable deleted 000215
I251128 21:02:44.070795 885 3@pebble/event.go:1239 ⋮ [n3,s3,pebble] 619  [JOB 164] WAL created 000221 (recycled 000175)
I251128 21:02:44.070903 70867 3@pebble/event.go:1191 ⋮ [n3,s3,pebble] 620  [JOB 165] flushing 1 memtable (64MB) to L0
I251128 21:02:44.071121 70867 3@pebble/event.go:1219 ⋮ [n3,s3,pebble] 621  [JOB 165] flushing: sstable created 000222
I251128 21:02:44.499232 70867 3@pebble/event.go:1219 ⋮ [n3,s3,pebble] 622  [JOB 165] flushing: sstable created 000223
I251128 21:02:44.529116 70867 3@pebble/event.go:1219 ⋮ [n3,s3,pebble] 623  [JOB 165] flushing: sstable created 000224
I251128 21:02:45.172853 70867 3@pebble/event.go:1195 ⋮ [n3,s3,pebble] 624  [JOB 165] flushed 1 memtable (64MB) to L0 [000222 000223 000224] (2.4MB), in 1.1s (1.1s total), output rate 2.3MB/s
I251128 21:02:45.172914 70718 3@pebble/event.go:1179 ⋮ [n3,s3,pebble] 625  [JOB 167] compacting(default) L0 [000222] (1.4MB) Score=6.11 + L6 [000216] (323KB) Score=0.00; OverlappingRatio: Single 0.23, Multi 0.00
I251128 21:02:45.172947 70376 3@pebble/event.go:1179 ⋮ [n3,s3,pebble] 626  [JOB 168] compacting(default) L0 [000223] (3.7KB) Score=5.40 + L6 [000217] (1.4KB) Score=0.00; OverlappingRatio: Single 0.38, Multi 0.00
I251128 21:02:45.181281 70718 3@pebble/event.go:1219 ⋮ [n3,s3,pebble] 627  [JOB 167] compacting: sstable created 000225
I251128 21:02:45.185274 70376 3@pebble/event.go:1219 ⋮ [n3,s3,pebble] 628  [JOB 168] compacting: sstable created 000226
I251128 21:02:45.234877 70376 3@pebble/event.go:1183 ⋮ [n3,s3,pebble] 629  [JOB 168] compacted(default) L0 [000223] (3.7KB) Score=5.40 + L6 [000217] (1.4KB) Score=0.00 -> L6 [000226] (3.0KB), in 0.0s (0.1s total), output rate 74KB/s
I251128 21:02:45.445872 70718 3@pebble/event.go:1183 ⋮ [n3,s3,pebble] 630  [JOB 167] compacted(default) L0 [000222] (1.4MB) Score=6.11 + L6 [000216] (323KB) Score=0.00 -> L6 [000225] (470KB), in 0.3s (0.3s total), output rate 1.8MB/s
I251128 21:02:45.445983 70946 3@pebble/event.go:1179 ⋮ [n3,s3,pebble] 631  [JOB 169] compacting(default) L0 [000224] (1.1MB) Score=6.03 + L6 [000218 000219 000220] (10MB) Score=0.00; OverlappingRatio: Single 9.60, Multi 0.00
I251128 21:02:45.450096 84 3@pebble/event.go:1223 ⋮ [n3,s3,pebble] 632  [JOB 167] sstable deleted 000216
I251128 21:02:45.458188 70946 3@pebble/event.go:1219 ⋮ [n3,s3,pebble] 633  [JOB 169] compacting: sstable created 000227
I251128 21:02:45.458444 84 3@pebble/event.go:1223 ⋮ [n3,s3,pebble] 634  [JOB 167] sstable deleted 000217
I251128 21:02:45.465937 84 3@pebble/event.go:1223 ⋮ [n3,s3,pebble] 635  [JOB 167] sstable deleted 000222
I251128 21:02:45.474147 84 3@pebble/event.go:1223 ⋮ [n3,s3,pebble] 636  [JOB 167] sstable deleted 000223
I251128 21:02:46.520363 70946 3@pebble/event.go:1219 ⋮ [n3,s3,pebble] 637  [JOB 169] compacting: sstable created 000228
I251128 21:02:46.613943 70946 3@pebble/event.go:1219 ⋮ [n3,s3,pebble] 638  [JOB 169] compacting: sstable created 000229
I251128 21:02:46.686993 70946 3@pebble/event.go:1183 ⋮ [n3,s3,pebble] 639  [JOB 169] compacted(default) L0 [000224] (1.1MB) Score=6.03 + L6 [000218 000219 000220] (10MB) Score=0.00 -> L6 [000227 000228 000229] (11MB), in 1.2s (1.2s total), output rate 8.7MB/s
I251128 21:02:46.687836 84 3@pebble/event.go:1223 ⋮ [n3,s3,pebble] 640  [JOB 169] sstable deleted 000218
I251128 21:02:46.687970 84 3@pebble/event.go:1223 ⋮ [n3,s3,pebble] 641  [JOB 169] sstable deleted 000219
I251128 21:02:46.688126 84 3@pebble/event.go:1223 ⋮ [n3,s3,pebble] 642  [JOB 169] sstable deleted 000220
I251128 21:02:46.688173 84 3@pebble/event.go:1223 ⋮ [n3,s3,pebble] 643  [JOB 169] sstable deleted 000224
I251128 21:04:03.448921 888 3@pebble/event.go:1239 ⋮ [n3,s3,pebble] 644  [JOB 170] WAL created 000230 (recycled 000183)
I251128 21:04:03.449002 73590 3@pebble/event.go:1191 ⋮ [n3,s3,pebble] 645  [JOB 171] flushing 1 memtable (64MB) to L0
I251128 21:04:03.454171 73590 3@pebble/event.go:1219 ⋮ [n3,s3,pebble] 646  [JOB 171] flushing: sstable created 000231
I251128 21:04:03.516179 73590 3@pebble/event.go:1219 ⋮ [n3,s3,pebble] 647  [JOB 171] flushing: sstable created 000232
I251128 21:04:03.523973 73590 3@pebble/event.go:1219 ⋮ [n3,s3,pebble] 648  [JOB 171] flushing: sstable created 000233
I251128 21:04:04.086975 73590 3@pebble/event.go:1195 ⋮ [n3,s3,pebble] 649  [JOB 171] flushed 1 memtable (64MB) to L0 [000231 000232 000233] (2.4MB), in 0.6s (0.6s total), output rate 3.9MB/s
I251128 21:04:04.087071 73607 3@pebble/event.go:1179 ⋮ [n3,s3,pebble] 650  [JOB 173] compacting(default) L0 [000231] (1.4MB) Score=5.68 + L6 [000225] (470KB) Score=0.00; OverlappingRatio: Single 0.34, Multi 0.00
I251128 21:04:04.095419 73607 3@pebble/event.go:1219 ⋮ [n3,s3,pebble] 651  [JOB 173] compacting: sstable created 000234
I251128 21:04:04.272950 73607 3@pebble/event.go:1183 ⋮ [n3,s3,pebble] 652  [JOB 173] compacted(default) L0 [000231] (1.4MB) Score=5.68 + L6 [000225] (470KB) Score=0.00 -> L6 [000234] (401KB), in 0.2s (0.2s total), output rate 2.2MB/s
I251128 21:04:04.273048 73634 3@pebble/event.go:1179 ⋮ [n3,s3,pebble] 653  [JOB 174] compacting(default) L0 [000232] (2.6KB) Score=5.72 + L6 [000226] (3.0KB) Score=0.00; OverlappingRatio: Single 1.16, Multi 0.00
I251128 21:04:04.273280 84 3@pebble/event.go:1223 ⋮ [n3,s3,pebble] 654  [JOB 173] sstable deleted 000225
I251128 21:04:04.281388 84 3@pebble/event.go:1223 ⋮ [n3,s3,pebble] 655  [JOB 173] sstable deleted 000231
I251128 21:04:04.284948 73634 3@pebble/event.go:1183 ⋮ [n3,s3,pebble] 656  [JOB 174] compacted(default) L0 [000232] (2.6KB) Score=5.72 + L6 [000226] (3.0KB) Score=0.00 -> L6 [] (0B), in 0.0s (0.0s total), output rate 0B/s
I251128 21:04:04.284994 73635 3@pebble/event.go:1179 ⋮ [n3,s3,pebble] 657  [JOB 175] compacting(default) L0 [000233] (1.1MB) Score=5.72 + L6 [000227 000228 000229] (11MB) Score=0.00; OverlappingRatio: Single 9.93, Multi 0.00
I251128 21:04:04.285418 84 3@pebble/event.go:1223 ⋮ [n3,s3,pebble] 658  [JOB 174] sstable deleted 000226
I251128 21:04:04.285476 84 3@pebble/event.go:1223 ⋮ [n3,s3,pebble] 659  [JOB 174] sstable deleted 000232
I251128 21:04:04.285541 73635 3@pebble/event.go:1219 ⋮ [n3,s3,pebble] 660  [JOB 175] compacting: sstable created 000235
I251128 21:04:07.386218 73635 3@pebble/event.go:1219 ⋮ [n3,s3,pebble] 661  [JOB 175] compacting: sstable created 000236
I251128 21:04:08.794180 73635 3@pebble/event.go:1219 ⋮ [n3,s3,pebble] 662  [JOB 175] compacting: sstable created 000237
I251128 21:04:10.099029 73635 3@pebble/event.go:1183 ⋮ [n3,s3,pebble] 663  [JOB 175] compacted(default) L0 [000233] (1.1MB) Score=5.72 + L6 [000227 000228 000229] (11MB) Score=0.00 -> L6 [000235 000236 000237] (11MB), in 5.8s (5.8s total), output rate 2.0MB/s
I251128 21:04:10.103067 84 3@pebble/event.go:1223 ⋮ [n3,s3,pebble] 664  [JOB 175] sstable deleted 000227
I251128 21:04:10.103709 84 3@pebble/event.go:1223 ⋮ [n3,s3,pebble] 665  [JOB 175] sstable deleted 000228
I251128 21:04:10.107343 84 3@pebble/event.go:1223 ⋮ [n3,s3,pebble] 666  [JOB 175] sstable deleted 000229
I251128 21:04:10.111656 84 3@pebble/event.go:1223 ⋮ [n3,s3,pebble] 667  [JOB 175] sstable deleted 000233
I251128 21:05:23.217001 890 3@pebble/event.go:1239 ⋮ [n3,s3,pebble] 668  [JOB 176] WAL created 000238 (recycled 000192)
I251128 21:05:23.217114 76531 3@pebble/event.go:1191 ⋮ [n3,s3,pebble] 669  [JOB 177] flushing 1 memtable (64MB) to L0
I251128 21:05:23.225311 76531 3@pebble/event.go:1219 ⋮ [n3,s3,pebble] 670  [JOB 177] flushing: sstable created 000239
I251128 21:05:23.570393 76531 3@pebble/event.go:1219 ⋮ [n3,s3,pebble] 671  [JOB 177] flushing: sstable created 000240
I251128 21:05:23.590337 76531 3@pebble/event.go:1219 ⋮ [n3,s3,pebble] 672  [JOB 177] flushing: sstable created 000241
I251128 21:05:24.056041 76531 3@pebble/event.go:1195 ⋮ [n3,s3,pebble] 673  [JOB 177] flushed 1 memtable (64MB) to L0 [000239 000240 000241] (2.4MB), in 0.8s (0.8s total), output rate 2.9MB/s
I251128 21:05:24.056139 75675 3@pebble/event.go:1179 ⋮ [n3,s3,pebble] 674  [JOB 179] compacting(default) L0 [000240 000239] (1.3MB) Score=5.41 + L6 [000234] (401KB) Score=0.00; OverlappingRatio: Single 0.31, Multi 0.00
I251128 21:05:24.064281 75675 3@pebble/event.go:1219 ⋮ [n3,s3,pebble] 675  [JOB 179] compacting: sstable created 000242
I251128 21:05:24.192266 75675 3@pebble/event.go:1219 ⋮ [n3,s3,pebble] 676  [JOB 179] compacting: sstable created 000243
I251128 21:05:24.215992 75675 3@pebble/event.go:1183 ⋮ [n3,s3,pebble] 677  [JOB 179] compacted(default) L0 [000240 000239] (1.3MB) Score=5.41 + L6 [000234] (401KB) Score=0.00 -> L6 [000242 000243] (315KB), in 0.1s (0.2s total), output rate 2.1MB/s
I251128 21:05:24.216092 76594 3@pebble/event.go:1179 ⋮ [n3,s3,pebble] 678  [JOB 180] compacting(default) L0 [000241] (1.1MB) Score=5.45 + L6 [000235 000236 000237] (11MB) Score=0.00; OverlappingRatio: Single 10.43, Multi 0.00
I251128 21:05:24.220385 84 3@pebble/event.go:1223 ⋮ [n3,s3,pebble] 679  [JOB 179] sstable deleted 000234
I251128 21:05:24.228320 76594 3@pebble/event.go:1219 ⋮ [n3,s3,pebble] 680  [JOB 180] compacting: sstable created 000244
I251128 21:05:24.228406 84 3@pebble/event.go:1223 ⋮ [n3,s3,pebble] 681  [JOB 179] sstable deleted 000239
I251128 21:05:24.232313 84 3@pebble/event.go:1223 ⋮ [n3,s3,pebble] 682  [JOB 179] sstable deleted 000240
I251128 21:05:27.153486 76594 3@pebble/event.go:1219 ⋮ [n3,s3,pebble] 683  [JOB 180] compacting: sstable created 000245
I251128 21:05:28.215441 76594 3@pebble/event.go:1219 ⋮ [n3,s3,pebble] 684  [JOB 180] compacting: sstable created 000246
I251128 21:05:29.557351 76594 3@pebble/event.go:1219 ⋮ [n3,s3,pebble] 685  [JOB 180] compacting: sstable created 000247
I251128 21:05:29.673076 76594 3@pebble/event.go:1183 ⋮ [n3,s3,pebble] 686  [JOB 180] compacted(default) L0 [000241] (1.1MB) Score=5.45 + L6 [000235 000236 000237] (11MB) Score=0.00 -> L6 [000244 000245 000246 000247] (12MB), in 5.4s (5.5s total), output rate 2.2MB/s
I251128 21:05:29.673475 84 3@pebble/event.go:1223 ⋮ [n3,s3,pebble] 687  [JOB 180] sstable deleted 000235
I251128 21:05:29.677683 84 3@pebble/event.go:1223 ⋮ [n3,s3,pebble] 688  [JOB 180] sstable deleted 000236
I251128 21:05:29.681586 84 3@pebble/event.go:1223 ⋮ [n3,s3,pebble] 689  [JOB 180] sstable deleted 000237
I251128 21:05:29.685380 84 3@pebble/event.go:1223 ⋮ [n3,s3,pebble] 690  [JOB 180] sstable deleted 000241
I251128 21:06:38.602827 872 3@pebble/event.go:1239 ⋮ [n3,s3,pebble] 691  [JOB 181] WAL created 000248 (recycled 000201)
I251128 21:06:38.602899 79196 3@pebble/event.go:1191 ⋮ [n3,s3,pebble] 692  [JOB 182] flushing 1 memtable (64MB) to L0
I251128 21:06:38.603064 79196 3@pebble/event.go:1219 ⋮ [n3,s3,pebble] 693  [JOB 182] flushing: sstable created 000249
I251128 21:06:38.803148 79196 3@pebble/event.go:1219 ⋮ [n3,s3,pebble] 694  [JOB 182] flushing: sstable created 000250
I251128 21:06:38.818985 79196 3@pebble/event.go:1219 ⋮ [n3,s3,pebble] 695  [JOB 182] flushing: sstable created 000251
I251128 21:06:39.114697 79196 3@pebble/event.go:1195 ⋮ [n3,s3,pebble] 696  [JOB 182] flushed 1 memtable (64MB) to L0 [000249 000250 000251] (2.3MB), in 0.5s (0.5s total), output rate 4.7MB/s
I251128 21:06:39.114771 79164 3@pebble/event.go:1179 ⋮ [n3,s3,pebble] 697  [JOB 184] compacting(default) L0 [000249] (1.2MB) Score=5.14 + L6 [000242] (314KB) Score=0.00; OverlappingRatio: Single 0.26, Multi 0.00
I251128 21:06:39.123173 79164 3@pebble/event.go:1219 ⋮ [n3,s3,pebble] 698  [JOB 184] compacting: sstable created 000252
I251128 21:06:39.266781 79164 3@pebble/event.go:1183 ⋮ [n3,s3,pebble] 699  [JOB 184] compacted(default) L0 [000249] (1.2MB) Score=5.14 + L6 [000242] (314KB) Score=0.00 -> L6 [000252] (282KB), in 0.1s (0.2s total), output rate 1.9MB/s
I251128 21:06:39.266882 79234 3@pebble/event.go:1179 ⋮ [n3,s3,pebble] 700  [JOB 185] compacting(default) L0 [000250] (2.2KB) Score=5.15 + L6 [000243] (1.3KB) Score=0.00; OverlappingRatio: Single 0.61, Multi 0.00
I251128 21:06:39.266996 84 3@pebble/event.go:1223 ⋮ [n3,s3,pebble] 701  [JOB 184] sstable deleted 000242
I251128 21:06:39.271035 84 3@pebble/event.go:1223 ⋮ [n3,s3,pebble] 702  [JOB 184] sstable deleted 000249
I251128 21:06:39.279097 79234 3@pebble/event.go:1219 ⋮ [n3,s3,pebble] 703  [JOB 185] compacting: sstable created 000253
I251128 21:06:39.306798 79234 3@pebble/event.go:1183 ⋮ [n3,s3,pebble] 704  [JOB 185] compacted(default) L0 [000250] (2.2KB) Score=5.15 + L6 [000243] (1.3KB) Score=0.00 -> L6 [000253] (1.8KB), in 0.0s (0.0s total), output rate 56KB/s
I251128 21:06:39.306843 79237 3@pebble/event.go:1179 ⋮ [n3,s3,pebble] 705  [JOB 186] compacting(default) L0 [000251] (1.1MB) Score=5.15 + L6 [000244 000245 000246 000247] (12MB) Score=0.00; OverlappingRatio: Single 10.66, Multi 0.00
I251128 21:06:39.311016 84 3@pebble/event.go:1223 ⋮ [n3,s3,pebble] 706  [JOB 185] sstable deleted 000243
I251128 21:06:39.319068 79237 3@pebble/event.go:1219 ⋮ [n3,s3,pebble] 707  [JOB 186] compacting: sstable created 000254
I251128 21:06:39.323135 84 3@pebble/event.go:1223 ⋮ [n3,s3,pebble] 708  [JOB 185] sstable deleted 000250
I251128 21:06:39.780097 79237 3@pebble/event.go:1219 ⋮ [n3,s3,pebble] 709  [JOB 186] compacting: sstable created 000255
I251128 21:06:39.836904 79237 3@pebble/event.go:1219 ⋮ [n3,s3,pebble] 710  [JOB 186] compacting: sstable created 000256
I251128 21:06:39.950028 79237 3@pebble/event.go:1219 ⋮ [n3,s3,pebble] 711  [JOB 186] compacting: sstable created 000257
I251128 21:06:39.964876 79237 3@pebble/event.go:1183 ⋮ [n3,s3,pebble] 712  [JOB 186] compacted(default) L0 [000251] (1.1MB) Score=5.15 + L6 [000244 000245 000246 000247] (12MB) Score=0.00 -> L6 [000254 000255 000256 000257] (13MB), in 0.7s (0.7s total), output rate 20MB/s
I251128 21:06:39.965422 84 3@pebble/event.go:1223 ⋮ [n3,s3,pebble] 713  [JOB 186] sstable deleted 000244
I251128 21:06:39.965544 84 3@pebble/event.go:1223 ⋮ [n3,s3,pebble] 714  [JOB 186] sstable deleted 000245
I251128 21:06:39.965646 84 3@pebble/event.go:1223 ⋮ [n3,s3,pebble] 715  [JOB 186] sstable deleted 000246
I251128 21:06:39.965942 84 3@pebble/event.go:1223 ⋮ [n3,s3,pebble] 716  [JOB 186] sstable deleted 000247
I251128 21:06:39.966009 84 3@pebble/event.go:1223 ⋮ [n3,s3,pebble] 717  [JOB 186] sstable deleted 000251
