I251128 20:26:41.627978 83 util/log/file_sync_buffer.go:237 ⋮ [config]   file created at: 2025/11/28 20:26:41
I251128 20:26:41.628197 83 util/log/file_sync_buffer.go:237 ⋮ [config]   running on machine: ‹Mac.lan›
I251128 20:26:41.628201 83 util/log/file_sync_buffer.go:237 ⋮ [config]   binary: CockroachDB CCL v25.3.5-dev (darwin arm64, built , go1.23.12 X:nocoverageredesign)
I251128 20:26:41.628204 83 util/log/file_sync_buffer.go:237 ⋮ [config]   arguments: [‹/Users/harris/Documents/cpi-ns/juicer/juicer-cc/cockroach-juicer/cockroach› ‹start› ‹--store=path=cockroach-data/node1,size=5GB› ‹--listen-addr=localhost:26257› ‹--http-addr=localhost:8080› ‹--join=localhost:26257,localhost:26258,localhost:26259› ‹--log-dir=logs/node1› ‹--cluster-name=default› ‹--insecure›]
I251128 20:26:41.628211 83 util/log/file_sync_buffer.go:237 ⋮ [config]   log format (utf8=✓): crdb-v2
I251128 20:26:41.628213 83 util/log/file_sync_buffer.go:237 ⋮ [config]   line format: [IWEF]yymmdd hh:mm:ss.uuuuuu goid [chan@]file:line redactionmark \[tags\] [counter] msg
I251128 20:26:41.627750 83 3@pebble/objstorage/objstorageprovider/remote.go:104 ⋮ [n?,s?,pebble] 1  remote storage configured; no creatorID yet
I251128 20:26:41.636953 83 3@pebble/event.go:1211 ⋮ [n?,s?,pebble] 2  [JOB 1] MANIFEST created 000001
I251128 20:26:41.637166 83 3@pebble/open.go:382 ⋮ [n?,s?,pebble] 3  Found 0 WALs
I251128 20:26:41.640972 83 3@pebble/event.go:1239 ⋮ [n?,s?,pebble] 4  [JOB 1] WAL created 000002
I251128 20:26:41.645005 83 3@pebble/event.go:1207 ⋮ [n?,s?,pebble] 5  upgraded to format version: 014
I251128 20:26:41.647940 83 3@pebble/event.go:1207 ⋮ [n?,s?,pebble] 6  upgraded to format version: 015
I251128 20:26:41.652111 83 3@pebble/event.go:1207 ⋮ [n?,s?,pebble] 7  upgraded to format version: 016
I251128 20:26:41.654969 83 3@pebble/event.go:1207 ⋮ [n?,s?,pebble] 8  upgraded to format version: 017
I251128 20:26:41.658047 83 3@pebble/event.go:1207 ⋮ [n?,s?,pebble] 9  upgraded to format version: 018
I251128 20:26:41.661902 83 3@pebble/event.go:1207 ⋮ [n?,s?,pebble] 10  upgraded to format version: 019
I251128 20:26:41.665906 83 3@pebble/event.go:1207 ⋮ [n?,s?,pebble] 11  upgraded to format version: 020
I251128 20:26:41.670164 83 3@pebble/event.go:1207 ⋮ [n?,s?,pebble] 12  upgraded to format version: 021
I251128 20:26:41.685261 119 3@pebble/event.go:1231 ⋮ [n?,s?,pebble] 13  [JOB 2] all initial table stats loaded
I251128 20:26:41.721870 83 3@pebble/event.go:1211 ⋮ [n?,s?,pebble] 14  [JOB 1] MANIFEST created 000001
I251128 20:26:41.721988 83 3@pebble/open.go:382 ⋮ [n?,s?,pebble] 15  Found 0 WALs
I251128 20:26:41.725881 83 3@pebble/event.go:1239 ⋮ [n?,s?,pebble] 16  [JOB 1] WAL created 000002
I251128 20:26:41.729850 83 3@pebble/event.go:1207 ⋮ [n?,s?,pebble] 17  upgraded to format version: 014
I251128 20:26:41.733841 83 3@pebble/event.go:1207 ⋮ [n?,s?,pebble] 18  upgraded to format version: 015
I251128 20:26:41.738123 83 3@pebble/event.go:1207 ⋮ [n?,s?,pebble] 19  upgraded to format version: 016
I251128 20:26:41.745824 83 3@pebble/event.go:1207 ⋮ [n?,s?,pebble] 20  upgraded to format version: 017
I251128 20:26:41.752862 83 3@pebble/event.go:1207 ⋮ [n?,s?,pebble] 21  upgraded to format version: 018
I251128 20:26:41.759948 83 3@pebble/event.go:1207 ⋮ [n?,s?,pebble] 22  upgraded to format version: 019
I251128 20:26:41.766846 83 3@pebble/event.go:1207 ⋮ [n?,s?,pebble] 23  upgraded to format version: 020
I251128 20:26:41.773856 83 3@pebble/event.go:1207 ⋮ [n?,s?,pebble] 24  upgraded to format version: 021
I251128 20:26:41.798602 171 3@pebble/event.go:1231 ⋮ [n?,s?,pebble] 25  [JOB 2] all initial table stats loaded
I251128 20:26:42.789926 646 3@pebble/event.go:1207 ⋮ [n?,s?,pebble] 26  upgraded to format version: 022
I251128 20:26:42.793905 646 3@pebble/event.go:1207 ⋮ [n?,s?,pebble] 27  upgraded to format version: 023
I251128 20:26:42.797873 646 3@pebble/event.go:1207 ⋮ [n?,s?,pebble] 28  upgraded to format version: 024
I251128 20:26:42.812840 646 3@pebble/objstorage/objstorageprovider/remote.go:192 ⋮ [n?,s1,pebble] 29  remote storage creatorID set to 1
I251128 20:26:43.187863 820 3@pebble/event.go:1239 ⋮ [n1,s1,pebble] 30  [JOB 3] WAL created 000004
I251128 20:26:43.198875 846 3@pebble/event.go:1239 ⋮ [n1,s1,pebble] 31  [JOB 4] WAL created 000005
I251128 20:26:43.212879 834 3@pebble/event.go:1239 ⋮ [n1,s1,pebble] 32  [JOB 5] WAL created 000006
I251128 20:26:43.376955 848 3@pebble/event.go:1239 ⋮ [n1,s1,pebble] 33  [JOB 6] WAL created 000007
I251128 20:26:45.975974 847 3@pebble/event.go:1239 ⋮ [n1,s1,pebble] 34  [JOB 7] WAL created 000008
I251128 20:27:03.102873 641 3@kv/kvserver/store.go:3799 ⋮ [T1,Vsystem,n1,s1] 35  Pebble metrics:
I251128 20:27:03.102873 641 3@kv/kvserver/store.go:3799 ⋮ [T1,Vsystem,n1,s1] 35 +      |                             |                |       |   ingested   |     moved    |    written   |       |    amp   |    val sep
I251128 20:27:03.102873 641 3@kv/kvserver/store.go:3799 ⋮ [T1,Vsystem,n1,s1] 35 +level | tables  size val-bl vtables | score  ff  cff |   in  | tables  size | tables  size | tables  size |  read |   r   w  | refsz  valblk
I251128 20:27:03.102873 641 3@kv/kvserver/store.go:3799 ⋮ [T1,Vsystem,n1,s1] 35 +------+-----------------------------+----------------+-------+--------------+--------------+--------------+-------+----------+--------------
I251128 20:27:03.102873 641 3@kv/kvserver/store.go:3799 ⋮ [T1,Vsystem,n1,s1] 35 +    0 |     0     0B     0B       0 |    -    0    0 |    0B |     0     0B |     0     0B |     0     0B |    0B |   0    0 |    0B      0B
I251128 20:27:03.102873 641 3@kv/kvserver/store.go:3799 ⋮ [T1,Vsystem,n1,s1] 35 +    1 |     0     0B     0B       0 |    -    0    0 |    0B |     0     0B |     0     0B |     0     0B |    0B |   0    0 |    0B      0B
I251128 20:27:03.102873 641 3@kv/kvserver/store.go:3799 ⋮ [T1,Vsystem,n1,s1] 35 +    2 |     0     0B     0B       0 |    -    0    0 |    0B |     0     0B |     0     0B |     0     0B |    0B |   0    0 |    0B      0B
I251128 20:27:03.102873 641 3@kv/kvserver/store.go:3799 ⋮ [T1,Vsystem,n1,s1] 35 +    3 |     0     0B     0B       0 |    -    0    0 |    0B |     0     0B |     0     0B |     0     0B |    0B |   0    0 |    0B      0B
I251128 20:27:03.102873 641 3@kv/kvserver/store.go:3799 ⋮ [T1,Vsystem,n1,s1] 35 +    4 |     0     0B     0B       0 |    -    0    0 |    0B |     0     0B |     0     0B |     0     0B |    0B |   0    0 |    0B      0B
I251128 20:27:03.102873 641 3@kv/kvserver/store.go:3799 ⋮ [T1,Vsystem,n1,s1] 35 +    5 |     0     0B     0B       0 |    -    0    0 |    0B |     0     0B |     0     0B |     0     0B |    0B |   0    0 |    0B      0B
I251128 20:27:03.102873 641 3@kv/kvserver/store.go:3799 ⋮ [T1,Vsystem,n1,s1] 35 +    6 |     0     0B     0B       0 |    -    0    0 |    0B |     0     0B |     0     0B |     0     0B |    0B |   0    0 |    0B      0B
I251128 20:27:03.102873 641 3@kv/kvserver/store.go:3799 ⋮ [T1,Vsystem,n1,s1] 35 +total |     0     0B     0B       0 |    -    -    - |  11MB |     0     0B |     0     0B |     0   11MB |    0B |   0 1.00 |    0B      0B
I251128 20:27:03.102873 641 3@kv/kvserver/store.go:3799 ⋮ [T1,Vsystem,n1,s1] 35 +--------------------------------------------------------------------------------------------------------------------------------------------
I251128 20:27:03.102873 641 3@kv/kvserver/store.go:3799 ⋮ [T1,Vsystem,n1,s1] 35 +WAL: 6 files (11MB)  in: 11MB  written: 11MB (2% overhead)
I251128 20:27:03.102873 641 3@kv/kvserver/store.go:3799 ⋮ [T1,Vsystem,n1,s1] 35 +Flushes: 0
I251128 20:27:03.102873 641 3@kv/kvserver/store.go:3799 ⋮ [T1,Vsystem,n1,s1] 35 +Compactions: 0  estimated debt: 0B  in progress: 0 (0B)  canceled: 0 (0B)  failed: 0  problem spans: 0
I251128 20:27:03.102873 641 3@kv/kvserver/store.go:3799 ⋮ [T1,Vsystem,n1,s1] 35 +             default: 0  delete: 0  elision: 0  move: 0  read: 0  tombstone-density: 0  rewrite: 0  copy: 0  multi-level: 0  blob-file-rewrite:  0
I251128 20:27:03.102873 641 3@kv/kvserver/store.go:3799 ⋮ [T1,Vsystem,n1,s1] 35 +MemTables: 6 (16MB)  zombie: 0 (0B)
I251128 20:27:03.102873 641 3@kv/kvserver/store.go:3799 ⋮ [T1,Vsystem,n1,s1] 35 +Zombie tables: 0 (0B, local: 0B)
I251128 20:27:03.102873 641 3@kv/kvserver/store.go:3799 ⋮ [T1,Vsystem,n1,s1] 35 +Backing tables: 0 (0B)
I251128 20:27:03.102873 641 3@kv/kvserver/store.go:3799 ⋮ [T1,Vsystem,n1,s1] 35 +Virtual tables: 0 (0B)
I251128 20:27:03.102873 641 3@kv/kvserver/store.go:3799 ⋮ [T1,Vsystem,n1,s1] 35 +Local tables size: 0B
I251128 20:27:03.102873 641 3@kv/kvserver/store.go:3799 ⋮ [T1,Vsystem,n1,s1] 35 +Compression types:
I251128 20:27:03.102873 641 3@kv/kvserver/store.go:3799 ⋮ [T1,Vsystem,n1,s1] 35 +Table stats: all loaded
I251128 20:27:03.102873 641 3@kv/kvserver/store.go:3799 ⋮ [T1,Vsystem,n1,s1] 35 +Block cache: 0 entries (0B)  hit rate: 0.0%
I251128 20:27:03.102873 641 3@kv/kvserver/store.go:3799 ⋮ [T1,Vsystem,n1,s1] 35 +File cache: 0 tables, 0 blobfiles (0B)  hit rate: 0.0%
I251128 20:27:03.102873 641 3@kv/kvserver/store.go:3799 ⋮ [T1,Vsystem,n1,s1] 35 +Range key sets: 0  Tombstones: 0  Total missized tombstones encountered: 0
I251128 20:27:03.102873 641 3@kv/kvserver/store.go:3799 ⋮ [T1,Vsystem,n1,s1] 35 +Snapshots: 1  earliest seq num: 56362
I251128 20:27:03.102873 641 3@kv/kvserver/store.go:3799 ⋮ [T1,Vsystem,n1,s1] 35 +Table iters: 0
I251128 20:27:03.102873 641 3@kv/kvserver/store.go:3799 ⋮ [T1,Vsystem,n1,s1] 35 +Filter utility: 0.0%
I251128 20:27:03.102873 641 3@kv/kvserver/store.go:3799 ⋮ [T1,Vsystem,n1,s1] 35 +Ingestions: 0  as flushable: 0 (0B in 0 tables)
I251128 20:27:03.102873 641 3@kv/kvserver/store.go:3799 ⋮ [T1,Vsystem,n1,s1] 35 +Cgo memory usage: 16MB  block cache: 16KB (data: 0B, maps: 16KB, entries: 0B)  memtables: 16MB
I251128 20:27:03.399135 844 3@pebble/event.go:1239 ⋮ [n1,s1,pebble] 36  [JOB 8] WAL created 000009
I251128 20:27:33.408689 842 3@pebble/event.go:1239 ⋮ [n1,s1,pebble] 37  [JOB 9] WAL created 000010
I251128 20:28:33.397386 825 3@pebble/event.go:1239 ⋮ [n1,s1,pebble] 38  [JOB 10] WAL created 000011
I251128 20:28:33.397523 13284 3@pebble/event.go:1191 ⋮ [n1,s1,pebble] 39  [JOB 11] flushing 8 memtables (61MB) to L0
I251128 20:28:33.401707 13284 3@pebble/event.go:1219 ⋮ [n1,s1,pebble] 40  [JOB 11] flushing: sstable created 000012
I251128 20:28:33.557765 13284 3@pebble/event.go:1219 ⋮ [n1,s1,pebble] 41  [JOB 11] flushing: sstable created 000013
I251128 20:28:33.568704 13284 3@pebble/event.go:1219 ⋮ [n1,s1,pebble] 42  [JOB 11] flushing: sstable created 000014
I251128 20:28:33.940389 13284 3@pebble/event.go:1195 ⋮ [n1,s1,pebble] 43  [JOB 11] flushed 8 memtables (61MB) to L0 [000012 000013 000014] (1.9MB), in 0.5s (0.5s total), output rate 3.6MB/s
I251128 20:28:33.941540 13132 3@pebble/event.go:1179 ⋮ [n1,s1,pebble] 44  [JOB 13] compacting(default) L0 [000013 000014 000012] (1.9MB) Score=100.00 + L6 [] (0B) Score=0.00; OverlappingRatio: Single 0.00, Multi 0.00
I251128 20:28:33.952643 13132 3@pebble/event.go:1219 ⋮ [n1,s1,pebble] 45  [JOB 13] compacting: sstable created 000015
I251128 20:28:33.994157 106 3@pebble/event.go:1243 ⋮ [n1,s1,pebble] 46  [JOB 11] WAL deleted 000008
I251128 20:28:33.997468 106 3@pebble/event.go:1243 ⋮ [n1,s1,pebble] 47  [JOB 11] WAL deleted 000009
I251128 20:28:34.023348 106 3@pebble/event.go:1243 ⋮ [n1,s1,pebble] 48  [JOB 11] WAL deleted 000010
I251128 20:28:34.064701 13132 3@pebble/event.go:1219 ⋮ [n1,s1,pebble] 49  [JOB 13] compacting: sstable created 000016
I251128 20:28:34.084713 13132 3@pebble/event.go:1219 ⋮ [n1,s1,pebble] 50  [JOB 13] compacting: sstable created 000017
I251128 20:28:34.463389 13132 3@pebble/event.go:1183 ⋮ [n1,s1,pebble] 51  [JOB 13] compacted(default) L0 [000013 000014 000012] (1.9MB) Score=100.00 + L6 [] (0B) Score=0.00 -> L6 [000015 000016 000017] (1.4MB), in 0.5s (0.5s total), output rate 2.7MB/s
I251128 20:28:34.467809 106 3@pebble/event.go:1223 ⋮ [n1,s1,pebble] 52  [JOB 13] sstable deleted 000012
I251128 20:28:34.471822 106 3@pebble/event.go:1223 ⋮ [n1,s1,pebble] 53  [JOB 13] sstable deleted 000013
I251128 20:28:34.475896 106 3@pebble/event.go:1223 ⋮ [n1,s1,pebble] 54  [JOB 13] sstable deleted 000014
I251128 20:30:53.163249 835 3@pebble/event.go:1239 ⋮ [n1,s1,pebble] 55  [JOB 14] WAL created 000018 (recycled 000002)
I251128 20:30:53.164220 17681 3@pebble/event.go:1191 ⋮ [n1,s1,pebble] 56  [JOB 15] flushing 1 memtable (64MB) to L0
I251128 20:30:53.167469 17681 3@pebble/event.go:1219 ⋮ [n1,s1,pebble] 57  [JOB 15] flushing: sstable created 000019
I251128 20:30:53.267713 17681 3@pebble/event.go:1219 ⋮ [n1,s1,pebble] 58  [JOB 15] flushing: sstable created 000020
I251128 20:30:53.287681 17681 3@pebble/event.go:1219 ⋮ [n1,s1,pebble] 59  [JOB 15] flushing: sstable created 000021
I251128 20:30:53.572338 17681 3@pebble/event.go:1195 ⋮ [n1,s1,pebble] 60  [JOB 15] flushed 1 memtable (64MB) to L0 [000019 000020 000021] (1.3MB), in 0.4s (0.4s total), output rate 3.3MB/s
I251128 20:30:53.572414 18358 3@pebble/event.go:1179 ⋮ [n1,s1,pebble] 61  [JOB 17] compacting(default) L0 [000019] (575KB) Score=46.64 + L6 [000015] (413KB) Score=0.00; OverlappingRatio: Single 0.72, Multi 0.00
I251128 20:30:53.580601 18358 3@pebble/event.go:1219 ⋮ [n1,s1,pebble] 62  [JOB 17] compacting: sstable created 000022
I251128 20:30:53.700245 18358 3@pebble/event.go:1183 ⋮ [n1,s1,pebble] 63  [JOB 17] compacted(default) L0 [000019] (575KB) Score=46.64 + L6 [000015] (413KB) Score=0.00 -> L6 [000022] (363KB), in 0.1s (0.1s total), output rate 3.0MB/s
I251128 20:30:53.700331 18328 3@pebble/event.go:1179 ⋮ [n1,s1,pebble] 64  [JOB 18] compacting(default) L0 [000020] (1.6KB) Score=48.37 + L6 [000016] (1.1KB) Score=0.00; OverlappingRatio: Single 0.64, Multi 0.00
I251128 20:30:53.700519 106 3@pebble/event.go:1223 ⋮ [n1,s1,pebble] 65  [JOB 17] sstable deleted 000015
I251128 20:30:53.704719 106 3@pebble/event.go:1223 ⋮ [n1,s1,pebble] 66  [JOB 17] sstable deleted 000019
I251128 20:30:53.708573 18328 3@pebble/event.go:1219 ⋮ [n1,s1,pebble] 67  [JOB 18] compacting: sstable created 000023
I251128 20:30:53.740277 18328 3@pebble/event.go:1183 ⋮ [n1,s1,pebble] 68  [JOB 18] compacted(default) L0 [000020] (1.6KB) Score=48.37 + L6 [000016] (1.1KB) Score=0.00 -> L6 [000023] (1.1KB), in 0.0s (0.0s total), output rate 38KB/s
I251128 20:30:53.740328 17976 3@pebble/event.go:1179 ⋮ [n1,s1,pebble] 69  [JOB 19] compacting(default) L0 [000021] (770KB) Score=48.37 + L6 [000017] (991KB) Score=0.00; OverlappingRatio: Single 1.29, Multi 0.00
I251128 20:30:53.740495 106 3@pebble/event.go:1223 ⋮ [n1,s1,pebble] 70  [JOB 18] sstable deleted 000016
I251128 20:30:53.748480 106 3@pebble/event.go:1223 ⋮ [n1,s1,pebble] 71  [JOB 18] sstable deleted 000020
I251128 20:30:53.752554 17976 3@pebble/event.go:1219 ⋮ [n1,s1,pebble] 72  [JOB 19] compacting: sstable created 000024
I251128 20:30:54.275299 17976 3@pebble/event.go:1183 ⋮ [n1,s1,pebble] 73  [JOB 19] compacted(default) L0 [000021] (770KB) Score=48.37 + L6 [000017] (991KB) Score=0.00 -> L6 [000024] (1.3MB), in 0.5s (0.5s total), output rate 2.6MB/s
I251128 20:30:54.275576 106 3@pebble/event.go:1223 ⋮ [n1,s1,pebble] 74  [JOB 19] sstable deleted 000017
I251128 20:30:54.279649 106 3@pebble/event.go:1223 ⋮ [n1,s1,pebble] 75  [JOB 19] sstable deleted 000021
I251128 20:33:04.033012 837 3@pebble/event.go:1239 ⋮ [n1,s1,pebble] 76  [JOB 20] WAL created 000025 (recycled 000004)
I251128 20:33:04.033092 22871 3@pebble/event.go:1191 ⋮ [n1,s1,pebble] 77  [JOB 21] flushing 1 memtable (64MB) to L0
I251128 20:33:04.033293 22871 3@pebble/event.go:1219 ⋮ [n1,s1,pebble] 78  [JOB 21] flushing: sstable created 000026
I251128 20:33:04.129362 22871 3@pebble/event.go:1219 ⋮ [n1,s1,pebble] 79  [JOB 21] flushing: sstable created 000027
I251128 20:33:04.149453 22871 3@pebble/event.go:1219 ⋮ [n1,s1,pebble] 80  [JOB 21] flushing: sstable created 000028
I251128 20:33:04.444721 22871 3@pebble/event.go:1195 ⋮ [n1,s1,pebble] 81  [JOB 21] flushed 1 memtable (64MB) to L0 [000026 000027 000028] (1.3MB), in 0.4s (0.4s total), output rate 3.4MB/s
I251128 20:33:04.444812 22898 3@pebble/event.go:1179 ⋮ [n1,s1,pebble] 82  [JOB 23] compacting(default) L0 [000026] (645KB) Score=37.69 + L6 [000022] (363KB) Score=0.00; OverlappingRatio: Single 0.56, Multi 0.00
I251128 20:33:04.444862 22899 3@pebble/event.go:1179 ⋮ [n1,s1,pebble] 83  [JOB 24] compacting(default) L0 [000027] (1.3KB) Score=27.49 + L6 [000023] (1.1KB) Score=0.00; OverlappingRatio: Single 0.82, Multi 0.00
I251128 20:33:04.452284 22898 3@pebble/event.go:1219 ⋮ [n1,s1,pebble] 84  [JOB 23] compacting: sstable created 000029
I251128 20:33:04.460310 22899 3@pebble/event.go:1219 ⋮ [n1,s1,pebble] 85  [JOB 24] compacting: sstable created 000030
I251128 20:33:04.491972 22899 3@pebble/event.go:1183 ⋮ [n1,s1,pebble] 86  [JOB 24] compacted(default) L0 [000027] (1.3KB) Score=27.49 + L6 [000023] (1.1KB) Score=0.00 -> L6 [000030] (1.1KB), in 0.0s (0.0s total), output rate 30KB/s
I251128 20:33:04.492018 22915 3@pebble/event.go:1179 ⋮ [n1,s1,pebble] 87  [JOB 25] compacting(default) L0 [000028] (726KB) Score=27.49 + L6 [000024] (1.3MB) Score=0.00; OverlappingRatio: Single 1.89, Multi 0.00
I251128 20:33:04.496313 22915 3@pebble/event.go:1219 ⋮ [n1,s1,pebble] 88  [JOB 25] compacting: sstable created 000031
I251128 20:33:04.584017 22898 3@pebble/event.go:1183 ⋮ [n1,s1,pebble] 89  [JOB 23] compacted(default) L0 [000026] (645KB) Score=37.69 + L6 [000022] (363KB) Score=0.00 -> L6 [000029] (477KB), in 0.1s (0.1s total), output rate 3.7MB/s
I251128 20:33:04.584332 106 3@pebble/event.go:1223 ⋮ [n1,s1,pebble] 90  [JOB 23] sstable deleted 000023
I251128 20:33:04.592263 106 3@pebble/event.go:1223 ⋮ [n1,s1,pebble] 91  [JOB 23] sstable deleted 000027
I251128 20:33:05.173020 22915 3@pebble/event.go:1183 ⋮ [n1,s1,pebble] 92  [JOB 25] compacted(default) L0 [000028] (726KB) Score=27.49 + L6 [000024] (1.3MB) Score=0.00 -> L6 [000031] (1.7MB), in 0.7s (0.7s total), output rate 2.5MB/s
I251128 20:33:05.173362 106 3@pebble/event.go:1223 ⋮ [n1,s1,pebble] 93  [JOB 25] sstable deleted 000022
I251128 20:33:05.177518 106 3@pebble/event.go:1223 ⋮ [n1,s1,pebble] 94  [JOB 25] sstable deleted 000024
I251128 20:33:05.182798 106 3@pebble/event.go:1223 ⋮ [n1,s1,pebble] 95  [JOB 25] sstable deleted 000026
I251128 20:33:05.186431 106 3@pebble/event.go:1223 ⋮ [n1,s1,pebble] 96  [JOB 25] sstable deleted 000028
I251128 20:33:39.264652 23723 3@pebble/event.go:1239 ⋮ [n1,s1,pebble] 97  [JOB 26] WAL created 000032 (recycled 000005)
I251128 20:33:39.264704 24033 3@pebble/event.go:1191 ⋮ [n1,s1,pebble] 98  [JOB 27] flushing 1 memtable (15MB) to L0
I251128 20:33:39.268767 24033 3@pebble/event.go:1219 ⋮ [n1,s1,pebble] 99  [JOB 27] flushing: sstable created 000033
I251128 20:33:39.328771 24033 3@pebble/event.go:1219 ⋮ [n1,s1,pebble] 100  [JOB 27] flushing: sstable created 000034
I251128 20:33:39.348786 24033 3@pebble/event.go:1219 ⋮ [n1,s1,pebble] 101  [JOB 27] flushing: sstable created 000035
I251128 20:33:39.576538 24033 3@pebble/event.go:1195 ⋮ [n1,s1,pebble] 102  [JOB 27] flushed 1 memtable (15MB) to L0 [000033 000034 000035] (655KB), in 0.3s (0.3s total), output rate 2.2MB/s
I251128 20:33:39.576638 24007 3@pebble/event.go:1179 ⋮ [n1,s1,pebble] 103  [JOB 29] compacting(default) L0 [000033] (225KB) Score=29.52 + L6 [000029] (477KB) Score=0.00; OverlappingRatio: Single 2.12, Multi 0.00
I251128 20:33:39.584886 24007 3@pebble/event.go:1219 ⋮ [n1,s1,pebble] 104  [JOB 29] compacting: sstable created 000036
I251128 20:33:39.725446 24007 3@pebble/event.go:1183 ⋮ [n1,s1,pebble] 105  [JOB 29] compacted(default) L0 [000033] (225KB) Score=29.52 + L6 [000029] (477KB) Score=0.00 -> L6 [000036] (312KB), in 0.1s (0.1s total), output rate 2.2MB/s
I251128 20:33:39.725556 24088 3@pebble/event.go:1179 ⋮ [n1,s1,pebble] 106  [JOB 30] compacting(default) L0 [000034] (1.1KB) Score=31.90 + L6 [000030] (1.1KB) Score=0.00; OverlappingRatio: Single 0.95, Multi 0.00
I251128 20:33:39.729850 106 3@pebble/event.go:1223 ⋮ [n1,s1,pebble] 107  [JOB 29] sstable deleted 000029
I251128 20:33:39.736115 106 3@pebble/event.go:1223 ⋮ [n1,s1,pebble] 108  [JOB 29] sstable deleted 000033
I251128 20:33:39.741135 24088 3@pebble/event.go:1219 ⋮ [n1,s1,pebble] 109  [JOB 30] compacting: sstable created 000037
I251128 20:33:39.773480 24088 3@pebble/event.go:1183 ⋮ [n1,s1,pebble] 110  [JOB 30] compacted(default) L0 [000034] (1.1KB) Score=31.90 + L6 [000030] (1.1KB) Score=0.00 -> L6 [000037] (1.1KB), in 0.0s (0.0s total), output rate 29KB/s
I251128 20:33:39.773557 24070 3@pebble/event.go:1179 ⋮ [n1,s1,pebble] 111  [JOB 31] compacting(default) L0 [000035] (430KB) Score=31.90 + L6 [000031] (1.7MB) Score=0.00; OverlappingRatio: Single 4.06, Multi 0.00
I251128 20:33:39.773785 106 3@pebble/event.go:1223 ⋮ [n1,s1,pebble] 112  [JOB 30] sstable deleted 000030
I251128 20:33:39.777946 106 3@pebble/event.go:1223 ⋮ [n1,s1,pebble] 113  [JOB 30] sstable deleted 000034
I251128 20:33:39.785811 24070 3@pebble/event.go:1219 ⋮ [n1,s1,pebble] 114  [JOB 31] compacting: sstable created 000038
I251128 20:33:40.651767 24070 3@pebble/event.go:1183 ⋮ [n1,s1,pebble] 115  [JOB 31] compacted(default) L0 [000035] (430KB) Score=31.90 + L6 [000031] (1.7MB) Score=0.00 -> L6 [000038] (1.8MB), in 0.9s (0.9s total), output rate 2.1MB/s
I251128 20:33:40.652211 106 3@pebble/event.go:1223 ⋮ [n1,s1,pebble] 116  [JOB 31] sstable deleted 000031
I251128 20:33:40.655893 106 3@pebble/event.go:1223 ⋮ [n1,s1,pebble] 117  [JOB 31] sstable deleted 000035
I251128 20:35:03.357686 26755 3@pebble/event.go:1239 ⋮ [n1,s1,pebble] 118  [JOB 32] WAL created 000039 (recycled 000006)
I251128 20:35:03.357756 27095 3@pebble/event.go:1191 ⋮ [n1,s1,pebble] 119  [JOB 33] flushing 1 memtable (39MB) to L0
I251128 20:35:03.369904 27095 3@pebble/event.go:1219 ⋮ [n1,s1,pebble] 120  [JOB 33] flushing: sstable created 000040
I251128 20:35:03.477963 27095 3@pebble/event.go:1219 ⋮ [n1,s1,pebble] 121  [JOB 33] flushing: sstable created 000041
I251128 20:35:03.505853 27095 3@pebble/event.go:1219 ⋮ [n1,s1,pebble] 122  [JOB 33] flushing: sstable created 000042
I251128 20:35:03.878724 27095 3@pebble/event.go:1195 ⋮ [n1,s1,pebble] 123  [JOB 33] flushed 1 memtable (39MB) to L0 [000040 000041 000042] (897KB), in 0.5s (0.5s total), output rate 1.7MB/s
I251128 20:35:03.878798 27097 3@pebble/event.go:1179 ⋮ [n1,s1,pebble] 124  [JOB 35] compacting(default) L0 [000040] (319KB) Score=30.47 + L6 [000036] (312KB) Score=0.00; OverlappingRatio: Single 0.98, Multi 0.00
I251128 20:35:03.891966 27097 3@pebble/event.go:1219 ⋮ [n1,s1,pebble] 125  [JOB 35] compacting: sstable created 000043
I251128 20:35:04.056613 27097 3@pebble/event.go:1183 ⋮ [n1,s1,pebble] 126  [JOB 35] compacted(default) L0 [000040] (319KB) Score=30.47 + L6 [000036] (312KB) Score=0.00 -> L6 [000043] (237KB), in 0.2s (0.2s total), output rate 1.4MB/s
I251128 20:35:04.056693 27098 3@pebble/event.go:1179 ⋮ [n1,s1,pebble] 127  [JOB 36] compacting(default) L0 [000041] (1.2KB) Score=31.56 + L6 [000037] (1.1KB) Score=0.00; OverlappingRatio: Single 0.90, Multi 0.00
I251128 20:35:04.056865 106 3@pebble/event.go:1223 ⋮ [n1,s1,pebble] 128  [JOB 35] sstable deleted 000036
I251128 20:35:04.064942 106 3@pebble/event.go:1223 ⋮ [n1,s1,pebble] 129  [JOB 35] sstable deleted 000040
I251128 20:35:04.073148 27098 3@pebble/event.go:1219 ⋮ [n1,s1,pebble] 130  [JOB 36] compacting: sstable created 000044
I251128 20:35:04.108661 27098 3@pebble/event.go:1183 ⋮ [n1,s1,pebble] 131  [JOB 36] compacted(default) L0 [000041] (1.2KB) Score=31.56 + L6 [000037] (1.1KB) Score=0.00 -> L6 [000044] (1.1KB), in 0.0s (0.1s total), output rate 29KB/s
I251128 20:35:04.108727 27069 3@pebble/event.go:1179 ⋮ [n1,s1,pebble] 132  [JOB 37] compacting(default) L0 [000042] (577KB) Score=31.56 + L6 [000038] (1.8MB) Score=0.00; OverlappingRatio: Single 3.19, Multi 0.00
I251128 20:35:04.113037 106 3@pebble/event.go:1223 ⋮ [n1,s1,pebble] 133  [JOB 36] sstable deleted 000037
I251128 20:35:04.124987 27069 3@pebble/event.go:1219 ⋮ [n1,s1,pebble] 134  [JOB 37] compacting: sstable created 000045
I251128 20:35:04.125020 106 3@pebble/event.go:1223 ⋮ [n1,s1,pebble] 135  [JOB 36] sstable deleted 000041
I251128 20:35:05.152543 27069 3@pebble/event.go:1183 ⋮ [n1,s1,pebble] 136  [JOB 37] compacted(default) L0 [000042] (577KB) Score=31.56 + L6 [000038] (1.8MB) Score=0.00 -> L6 [000045] (2.0MB), in 1.0s (1.0s total), output rate 2.0MB/s
I251128 20:35:05.152954 106 3@pebble/event.go:1223 ⋮ [n1,s1,pebble] 137  [JOB 37] sstable deleted 000038
I251128 20:35:05.163096 106 3@pebble/event.go:1223 ⋮ [n1,s1,pebble] 138  [JOB 37] sstable deleted 000042
I251128 20:37:03.110895 641 3@kv/kvserver/store.go:3799 ⋮ [T1,Vsystem,n1,s1] 139  Pebble metrics:
I251128 20:37:03.110895 641 3@kv/kvserver/store.go:3799 ⋮ [T1,Vsystem,n1,s1] 139 +      |                             |                |       |   ingested   |     moved    |    written   |       |    amp   |    val sep
I251128 20:37:03.110895 641 3@kv/kvserver/store.go:3799 ⋮ [T1,Vsystem,n1,s1] 139 +level | tables  size val-bl vtables | score  ff  cff |   in  | tables  size | tables  size | tables  size |  read |   r   w  | refsz  valblk
I251128 20:37:03.110895 641 3@kv/kvserver/store.go:3799 ⋮ [T1,Vsystem,n1,s1] 139 +------+-----------------------------+----------------+-------+--------------+--------------+--------------+-------+----------+--------------
I251128 20:37:03.110895 641 3@kv/kvserver/store.go:3799 ⋮ [T1,Vsystem,n1,s1] 139 +    0 |     0     0B     0B       0 |    -    0    0 | 216MB |     0     0B |     0     0B |    15  6.1MB |    0B |   0 0.03 |    0B      0B
I251128 20:37:03.110895 641 3@kv/kvserver/store.go:3799 ⋮ [T1,Vsystem,n1,s1] 139 +    1 |     0     0B     0B       0 |    -    0    0 |    0B |     0     0B |     0     0B |     0     0B |    0B |   0    0 |    0B      0B
I251128 20:37:03.110895 641 3@kv/kvserver/store.go:3799 ⋮ [T1,Vsystem,n1,s1] 139 +    2 |     0     0B     0B       0 |    -    0    0 |    0B |     0     0B |     0     0B |     0     0B |    0B |   0    0 |    0B      0B
I251128 20:37:03.110895 641 3@kv/kvserver/store.go:3799 ⋮ [T1,Vsystem,n1,s1] 139 +    3 |     0     0B     0B       0 |    -    0    0 |    0B |     0     0B |     0     0B |     0     0B |    0B |   0    0 |    0B      0B
I251128 20:37:03.110895 641 3@kv/kvserver/store.go:3799 ⋮ [T1,Vsystem,n1,s1] 139 +    4 |     0     0B     0B       0 |    -    0    0 |    0B |     0     0B |     0     0B |     0     0B |    0B |   0    0 |    0B      0B
I251128 20:37:03.110895 641 3@kv/kvserver/store.go:3799 ⋮ [T1,Vsystem,n1,s1] 139 +    5 |     0     0B     0B       0 |    -    0    0 |    0B |     0     0B |     0     0B |     0     0B |    0B |   0    0 |    0B      0B
I251128 20:37:03.110895 641 3@kv/kvserver/store.go:3799 ⋮ [T1,Vsystem,n1,s1] 139 +    6 |     3  2.3MB  321KB       0 |    - 0.04 0.04 | 6.1MB |     0     0B |     0     0B |    15  9.6MB |  13MB |   1 1.58 |    0B   321KB
I251128 20:37:03.110895 641 3@kv/kvserver/store.go:3799 ⋮ [T1,Vsystem,n1,s1] 139 +total |     3  2.3MB  321KB       0 |    -    -    - | 270MB |     0     0B |     0     0B |    30  286MB |  13MB |   1 1.06 |    0B   321KB
I251128 20:37:03.110895 641 3@kv/kvserver/store.go:3799 ⋮ [T1,Vsystem,n1,s1] 139 +--------------------------------------------------------------------------------------------------------------------------------------------
I251128 20:37:03.110895 641 3@kv/kvserver/store.go:3799 ⋮ [T1,Vsystem,n1,s1] 139 +WAL: 1 files (54MB)  in: 266MB  written: 270MB (1% overhead)
I251128 20:37:03.110895 641 3@kv/kvserver/store.go:3799 ⋮ [T1,Vsystem,n1,s1] 139 +Flushes: 5
I251128 20:37:03.110895 641 3@kv/kvserver/store.go:3799 ⋮ [T1,Vsystem,n1,s1] 139 +Compactions: 13  estimated debt: 0B  in progress: 0 (0B)  canceled: 0 (0B)  failed: 0  problem spans: 0
I251128 20:37:03.110895 641 3@kv/kvserver/store.go:3799 ⋮ [T1,Vsystem,n1,s1] 139 +             default: 13  delete: 0  elision: 0  move: 0  read: 0  tombstone-density: 0  rewrite: 0  copy: 0  multi-level: 0  blob-file-rewrite:  0
I251128 20:37:03.110895 641 3@kv/kvserver/store.go:3799 ⋮ [T1,Vsystem,n1,s1] 139 +MemTables: 1 (64MB)  zombie: 1 (64MB)
I251128 20:37:03.110895 641 3@kv/kvserver/store.go:3799 ⋮ [T1,Vsystem,n1,s1] 139 +Zombie tables: 0 (0B, local: 0B)
I251128 20:37:03.110895 641 3@kv/kvserver/store.go:3799 ⋮ [T1,Vsystem,n1,s1] 139 +Backing tables: 0 (0B)
I251128 20:37:03.110895 641 3@kv/kvserver/store.go:3799 ⋮ [T1,Vsystem,n1,s1] 139 +Virtual tables: 0 (0B)
I251128 20:37:03.110895 641 3@kv/kvserver/store.go:3799 ⋮ [T1,Vsystem,n1,s1] 139 +Local tables size: 2.3MB
I251128 20:37:03.110895 641 3@kv/kvserver/store.go:3799 ⋮ [T1,Vsystem,n1,s1] 139 +Compression types: unknown: 3
I251128 20:37:03.110895 641 3@kv/kvserver/store.go:3799 ⋮ [T1,Vsystem,n1,s1] 139 +Table stats: all loaded
I251128 20:37:03.110895 641 3@kv/kvserver/store.go:3799 ⋮ [T1,Vsystem,n1,s1] 139 +Block cache: 0 entries (0B)  hit rate: 34.5%
I251128 20:37:03.110895 641 3@kv/kvserver/store.go:3799 ⋮ [T1,Vsystem,n1,s1] 139 +File cache: 2 tables, 0 blobfiles (992B)  hit rate: 99.7%
I251128 20:37:03.110895 641 3@kv/kvserver/store.go:3799 ⋮ [T1,Vsystem,n1,s1] 139 +Range key sets: 0  Tombstones: 0  Total missized tombstones encountered: 0
I251128 20:37:03.110895 641 3@kv/kvserver/store.go:3799 ⋮ [T1,Vsystem,n1,s1] 139 +Snapshots: 0  earliest seq num: 0
I251128 20:37:03.110895 641 3@kv/kvserver/store.go:3799 ⋮ [T1,Vsystem,n1,s1] 139 +Table iters: 0
I251128 20:37:03.110895 641 3@kv/kvserver/store.go:3799 ⋮ [T1,Vsystem,n1,s1] 139 +Filter utility: 16.0%
I251128 20:37:03.110895 641 3@kv/kvserver/store.go:3799 ⋮ [T1,Vsystem,n1,s1] 139 +Ingestions: 0  as flushable: 0 (0B in 0 tables)
I251128 20:37:03.110895 641 3@kv/kvserver/store.go:3799 ⋮ [T1,Vsystem,n1,s1] 139 +Cgo memory usage: 128MB  block cache: 20KB (data: 0B, maps: 16KB, entries: 3.9KB)  memtables: 128MB
I251128 20:37:04.029206 833 3@pebble/event.go:1239 ⋮ [n1,s1,pebble] 140  [JOB 38] WAL created 000046 (recycled 000007)
I251128 20:37:04.029300 31559 3@pebble/event.go:1191 ⋮ [n1,s1,pebble] 141  [JOB 39] flushing 1 memtable (64MB) to L0
I251128 20:37:04.037553 31559 3@pebble/event.go:1219 ⋮ [n1,s1,pebble] 142  [JOB 39] flushing: sstable created 000047
I251128 20:37:04.230491 31559 3@pebble/event.go:1219 ⋮ [n1,s1,pebble] 143  [JOB 39] flushing: sstable created 000048
I251128 20:37:04.250554 31559 3@pebble/event.go:1219 ⋮ [n1,s1,pebble] 144  [JOB 39] flushing: sstable created 000049
I251128 20:37:04.981448 31559 3@pebble/event.go:1195 ⋮ [n1,s1,pebble] 145  [JOB 39] flushed 1 memtable (64MB) to L0 [000047 000048 000049] (1.7MB), in 0.9s (1.0s total), output rate 1.8MB/s
I251128 20:37:04.981536 31243 3@pebble/event.go:1179 ⋮ [n1,s1,pebble] 146  [JOB 41] compacting(default) L0 [000047] (624KB) Score=28.44 + L6 [000043] (237KB) Score=0.00; OverlappingRatio: Single 0.38, Multi 0.00
I251128 20:37:04.989479 31243 3@pebble/event.go:1219 ⋮ [n1,s1,pebble] 147  [JOB 41] compacting: sstable created 000050
I251128 20:37:05.191198 31243 3@pebble/event.go:1183 ⋮ [n1,s1,pebble] 148  [JOB 41] compacted(default) L0 [000047] (624KB) Score=28.44 + L6 [000043] (237KB) Score=0.00 -> L6 [000050] (444KB), in 0.2s (0.2s total), output rate 2.2MB/s
I251128 20:37:05.191272 31244 3@pebble/event.go:1179 ⋮ [n1,s1,pebble] 149  [JOB 42] compacting(default) L0 [000048] (1.4KB) Score=26.09 + L6 [000044] (1.1KB) Score=0.00; OverlappingRatio: Single 0.76, Multi 0.00
I251128 20:37:05.191502 106 3@pebble/event.go:1223 ⋮ [n1,s1,pebble] 150  [JOB 41] sstable deleted 000043
I251128 20:37:05.195714 106 3@pebble/event.go:1223 ⋮ [n1,s1,pebble] 151  [JOB 41] sstable deleted 000047
I251128 20:37:05.203565 31244 3@pebble/event.go:1219 ⋮ [n1,s1,pebble] 152  [JOB 42] compacting: sstable created 000051
I251128 20:37:05.237723 31244 3@pebble/event.go:1183 ⋮ [n1,s1,pebble] 153  [JOB 42] compacted(default) L0 [000048] (1.4KB) Score=26.09 + L6 [000044] (1.1KB) Score=0.00 -> L6 [000051] (1.1KB), in 0.0s (0.0s total), output rate 32KB/s
I251128 20:37:05.237890 31552 3@pebble/event.go:1179 ⋮ [n1,s1,pebble] 154  [JOB 43] compacting(default) L0 [000049] (1.0MB) Score=26.09 + L6 [000045] (2.0MB) Score=0.00; OverlappingRatio: Single 1.93, Multi 0.00
I251128 20:37:05.238030 106 3@pebble/event.go:1223 ⋮ [n1,s1,pebble] 155  [JOB 42] sstable deleted 000044
I251128 20:37:05.242802 106 3@pebble/event.go:1223 ⋮ [n1,s1,pebble] 156  [JOB 42] sstable deleted 000048
I251128 20:37:05.252671 31552 3@pebble/event.go:1219 ⋮ [n1,s1,pebble] 157  [JOB 43] compacting: sstable created 000052
I251128 20:37:06.987271 31552 3@pebble/event.go:1183 ⋮ [n1,s1,pebble] 158  [JOB 43] compacted(default) L0 [000049] (1.0MB) Score=26.09 + L6 [000045] (2.0MB) Score=0.00 -> L6 [000052] (2.7MB), in 1.7s (1.7s total), output rate 1.6MB/s
I251128 20:37:06.987677 106 3@pebble/event.go:1223 ⋮ [n1,s1,pebble] 159  [JOB 43] sstable deleted 000045
I251128 20:37:06.991762 106 3@pebble/event.go:1223 ⋮ [n1,s1,pebble] 160  [JOB 43] sstable deleted 000049
I251128 20:39:23.177035 844 3@pebble/event.go:1239 ⋮ [n1,s1,pebble] 161  [JOB 44] WAL created 000053 (recycled 000011)
I251128 20:39:23.177154 36870 3@pebble/event.go:1191 ⋮ [n1,s1,pebble] 162  [JOB 45] flushing 1 memtable (64MB) to L0
I251128 20:39:23.189384 36870 3@pebble/event.go:1219 ⋮ [n1,s1,pebble] 163  [JOB 45] flushing: sstable created 000054
I251128 20:39:23.349470 36870 3@pebble/event.go:1219 ⋮ [n1,s1,pebble] 164  [JOB 45] flushing: sstable created 000055
I251128 20:39:23.369473 36870 3@pebble/event.go:1219 ⋮ [n1,s1,pebble] 165  [JOB 45] flushing: sstable created 000056
I251128 20:39:23.827057 36870 3@pebble/event.go:1195 ⋮ [n1,s1,pebble] 166  [JOB 45] flushed 1 memtable (64MB) to L0 [000054 000055 000056] (1.2MB), in 0.6s (0.6s total), output rate 2.0MB/s
I251128 20:39:23.827139 36921 3@pebble/event.go:1179 ⋮ [n1,s1,pebble] 167  [JOB 47] compacting(default) L0 [000054] (505KB) Score=20.39 + L6 [000050] (444KB) Score=0.00; OverlappingRatio: Single 0.88, Multi 0.00
I251128 20:39:23.833527 36921 3@pebble/event.go:1219 ⋮ [n1,s1,pebble] 168  [JOB 47] compacting: sstable created 000057
I251128 20:39:24.032128 36921 3@pebble/event.go:1183 ⋮ [n1,s1,pebble] 169  [JOB 47] compacted(default) L0 [000054] (505KB) Score=20.39 + L6 [000050] (444KB) Score=0.00 -> L6 [000057] (292KB), in 0.2s (0.2s total), output rate 1.5MB/s
I251128 20:39:24.032227 36886 3@pebble/event.go:1179 ⋮ [n1,s1,pebble] 170  [JOB 48] compacting(default) L0 [000055] (1.4KB) Score=21.40 + L6 [000051] (1.1KB) Score=0.00; OverlappingRatio: Single 0.77, Multi 0.00
I251128 20:39:24.036499 106 3@pebble/event.go:1223 ⋮ [n1,s1,pebble] 171  [JOB 47] sstable deleted 000050
I251128 20:39:24.048422 36886 3@pebble/event.go:1219 ⋮ [n1,s1,pebble] 172  [JOB 48] compacting: sstable created 000058
I251128 20:39:24.048468 106 3@pebble/event.go:1223 ⋮ [n1,s1,pebble] 173  [JOB 47] sstable deleted 000054
I251128 20:39:24.096047 36886 3@pebble/event.go:1183 ⋮ [n1,s1,pebble] 174  [JOB 48] compacted(default) L0 [000055] (1.4KB) Score=21.40 + L6 [000051] (1.1KB) Score=0.00 -> L6 [000058] (1.1KB), in 0.0s (0.1s total), output rate 29KB/s
I251128 20:39:24.096127 36862 3@pebble/event.go:1179 ⋮ [n1,s1,pebble] 175  [JOB 49] compacting(default) L0 [000056] (768KB) Score=21.40 + L6 [000052] (2.7MB) Score=0.00; OverlappingRatio: Single 3.61, Multi 0.00
I251128 20:39:24.096321 106 3@pebble/event.go:1223 ⋮ [n1,s1,pebble] 176  [JOB 48] sstable deleted 000051
I251128 20:39:24.104270 106 3@pebble/event.go:1223 ⋮ [n1,s1,pebble] 177  [JOB 48] sstable deleted 000055
I251128 20:39:24.112486 36862 3@pebble/event.go:1219 ⋮ [n1,s1,pebble] 178  [JOB 49] compacting: sstable created 000059
I251128 20:39:26.104112 36862 3@pebble/event.go:1183 ⋮ [n1,s1,pebble] 179  [JOB 49] compacted(default) L0 [000056] (768KB) Score=21.40 + L6 [000052] (2.7MB) Score=0.00 -> L6 [000059] (3.1MB), in 2.0s (2.0s total), output rate 1.5MB/s
I251128 20:39:26.108514 106 3@pebble/event.go:1223 ⋮ [n1,s1,pebble] 180  [JOB 49] sstable deleted 000052
I251128 20:39:26.116336 106 3@pebble/event.go:1223 ⋮ [n1,s1,pebble] 181  [JOB 49] sstable deleted 000056
I251128 20:41:33.176823 836 3@pebble/event.go:1239 ⋮ [n1,s1,pebble] 182  [JOB 50] WAL created 000060 (recycled 000018)
I251128 20:41:33.176913 41091 3@pebble/event.go:1191 ⋮ [n1,s1,pebble] 183  [JOB 51] flushing 1 memtable (63MB) to L0
I251128 20:41:33.181232 41091 3@pebble/event.go:1219 ⋮ [n1,s1,pebble] 184  [JOB 51] flushing: sstable created 000061
I251128 20:41:33.285330 41091 3@pebble/event.go:1219 ⋮ [n1,s1,pebble] 185  [JOB 51] flushing: sstable created 000062
I251128 20:41:33.301131 41091 3@pebble/event.go:1219 ⋮ [n1,s1,pebble] 186  [JOB 51] flushing: sstable created 000063
I251128 20:41:33.823854 41091 3@pebble/event.go:1195 ⋮ [n1,s1,pebble] 187  [JOB 51] flushed 1 memtable (63MB) to L0 [000061 000062 000063] (1.2MB), in 0.6s (0.6s total), output rate 1.9MB/s
I251128 20:41:33.824071 40765 3@pebble/event.go:1179 ⋮ [n1,s1,pebble] 188  [JOB 53] compacting(default) L0 [000061] (491KB) Score=19.00 + L6 [000057] (292KB) Score=0.00; OverlappingRatio: Single 0.59, Multi 0.00
I251128 20:41:33.836962 40765 3@pebble/event.go:1219 ⋮ [n1,s1,pebble] 189  [JOB 53] compacting: sstable created 000064
I251128 20:41:34.048838 40765 3@pebble/event.go:1183 ⋮ [n1,s1,pebble] 190  [JOB 53] compacted(default) L0 [000061] (491KB) Score=19.00 + L6 [000057] (292KB) Score=0.00 -> L6 [000064] (328KB), in 0.2s (0.2s total), output rate 1.5MB/s
I251128 20:41:34.048916 41071 3@pebble/event.go:1179 ⋮ [n1,s1,pebble] 191  [JOB 54] compacting(default) L0 [000062] (1.1KB) Score=18.81 + L6 [000058] (1.1KB) Score=0.00; OverlappingRatio: Single 0.92, Multi 0.00
I251128 20:41:34.053260 106 3@pebble/event.go:1223 ⋮ [n1,s1,pebble] 192  [JOB 53] sstable deleted 000057
I251128 20:41:34.061317 41071 3@pebble/event.go:1219 ⋮ [n1,s1,pebble] 193  [JOB 54] compacting: sstable created 000065
I251128 20:41:34.061387 106 3@pebble/event.go:1223 ⋮ [n1,s1,pebble] 194  [JOB 53] sstable deleted 000061
I251128 20:41:34.088802 41071 3@pebble/event.go:1183 ⋮ [n1,s1,pebble] 195  [JOB 54] compacted(default) L0 [000062] (1.1KB) Score=18.81 + L6 [000058] (1.1KB) Score=0.00 -> L6 [000065] (1.1KB), in 0.0s (0.0s total), output rate 38KB/s
I251128 20:41:34.088865 41086 3@pebble/event.go:1179 ⋮ [n1,s1,pebble] 196  [JOB 55] compacting(default) L0 [000063] (731KB) Score=18.81 + L6 [000059] (3.1MB) Score=0.00; OverlappingRatio: Single 4.32, Multi 0.00
I251128 20:41:34.093065 106 3@pebble/event.go:1223 ⋮ [n1,s1,pebble] 197  [JOB 54] sstable deleted 000058
I251128 20:41:34.105052 41086 3@pebble/event.go:1219 ⋮ [n1,s1,pebble] 198  [JOB 55] compacting: sstable created 000066
I251128 20:41:34.105087 106 3@pebble/event.go:1223 ⋮ [n1,s1,pebble] 199  [JOB 54] sstable deleted 000062
I251128 20:41:35.977886 41086 3@pebble/event.go:1183 ⋮ [n1,s1,pebble] 200  [JOB 55] compacted(default) L0 [000063] (731KB) Score=18.81 + L6 [000059] (3.1MB) Score=0.00 -> L6 [000066] (3.4MB), in 1.9s (1.9s total), output rate 1.8MB/s
I251128 20:41:35.978329 106 3@pebble/event.go:1223 ⋮ [n1,s1,pebble] 201  [JOB 55] sstable deleted 000059
I251128 20:41:35.990607 106 3@pebble/event.go:1223 ⋮ [n1,s1,pebble] 202  [JOB 55] sstable deleted 000063
I251128 20:43:43.447468 845 3@pebble/event.go:1239 ⋮ [n1,s1,pebble] 203  [JOB 56] WAL created 000067 (recycled 000025)
I251128 20:43:43.447563 45357 3@pebble/event.go:1191 ⋮ [n1,s1,pebble] 204  [JOB 57] flushing 1 memtable (64MB) to L0
I251128 20:43:43.451635 45357 3@pebble/event.go:1219 ⋮ [n1,s1,pebble] 205  [JOB 57] flushing: sstable created 000068
I251128 20:43:43.628725 45357 3@pebble/event.go:1219 ⋮ [n1,s1,pebble] 206  [JOB 57] flushing: sstable created 000069
I251128 20:43:43.652625 45357 3@pebble/event.go:1219 ⋮ [n1,s1,pebble] 207  [JOB 57] flushing: sstable created 000070
I251128 20:43:44.133426 45357 3@pebble/event.go:1195 ⋮ [n1,s1,pebble] 208  [JOB 57] flushed 1 memtable (64MB) to L0 [000068 000069 000070] (1.3MB), in 0.7s (0.7s total), output rate 1.9MB/s
I251128 20:43:44.133495 45404 3@pebble/event.go:1179 ⋮ [n1,s1,pebble] 209  [JOB 58] compacting(default) L0 [000068] (589KB) Score=17.10 + L6 [000064] (328KB) Score=0.00; OverlappingRatio: Single 0.56, Multi 0.00
I251128 20:43:44.141615 45404 3@pebble/event.go:1219 ⋮ [n1,s1,pebble] 210  [JOB 58] compacting: sstable created 000071
I251128 20:43:44.348420 45404 3@pebble/event.go:1183 ⋮ [n1,s1,pebble] 211  [JOB 58] compacted(default) L0 [000068] (589KB) Score=17.10 + L6 [000064] (328KB) Score=0.00 -> L6 [000071] (399KB), in 0.2s (0.2s total), output rate 1.9MB/s
I251128 20:43:44.348483 45244 3@pebble/event.go:1179 ⋮ [n1,s1,pebble] 212  [JOB 60] compacting(default) L0 [000069] (1.2KB) Score=16.78 + L6 [000065] (1.1KB) Score=0.00; OverlappingRatio: Single 0.90, Multi 0.00
I251128 20:43:44.348836 106 3@pebble/event.go:1223 ⋮ [n1,s1,pebble] 213  [JOB 58] sstable deleted 000064
I251128 20:43:44.360716 45244 3@pebble/event.go:1219 ⋮ [n1,s1,pebble] 214  [JOB 60] compacting: sstable created 000072
I251128 20:43:44.360772 106 3@pebble/event.go:1223 ⋮ [n1,s1,pebble] 215  [JOB 58] sstable deleted 000068
I251128 20:43:44.390453 45244 3@pebble/event.go:1183 ⋮ [n1,s1,pebble] 216  [JOB 60] compacted(default) L0 [000069] (1.2KB) Score=16.78 + L6 [000065] (1.1KB) Score=0.00 -> L6 [000072] (1.1KB), in 0.0s (0.0s total), output rate 31KB/s
I251128 20:43:44.390534 45247 3@pebble/event.go:1179 ⋮ [n1,s1,pebble] 217  [JOB 61] compacting(default) L0 [000070] (730KB) Score=16.78 + L6 [000066] (3.4MB) Score=0.00; OverlappingRatio: Single 4.80, Multi 0.00
I251128 20:43:44.390719 106 3@pebble/event.go:1223 ⋮ [n1,s1,pebble] 218  [JOB 60] sstable deleted 000065
I251128 20:43:44.394837 106 3@pebble/event.go:1223 ⋮ [n1,s1,pebble] 219  [JOB 60] sstable deleted 000069
I251128 20:43:44.394990 45247 3@pebble/event.go:1219 ⋮ [n1,s1,pebble] 220  [JOB 61] compacting: sstable created 000073
I251128 20:43:46.393530 45247 3@pebble/event.go:1183 ⋮ [n1,s1,pebble] 221  [JOB 61] compacted(default) L0 [000070] (730KB) Score=16.78 + L6 [000066] (3.4MB) Score=0.00 -> L6 [000073] (3.8MB), in 2.0s (2.0s total), output rate 1.9MB/s
I251128 20:43:46.394029 106 3@pebble/event.go:1223 ⋮ [n1,s1,pebble] 222  [JOB 61] sstable deleted 000066
I251128 20:43:46.398009 106 3@pebble/event.go:1223 ⋮ [n1,s1,pebble] 223  [JOB 61] sstable deleted 000070
I251128 20:45:34.043921 848 3@pebble/event.go:1239 ⋮ [n1,s1,pebble] 224  [JOB 62] WAL created 000074 (recycled 000032)
I251128 20:45:34.044033 49588 3@pebble/event.go:1191 ⋮ [n1,s1,pebble] 225  [JOB 63] flushing 1 memtable (63MB) to L0
I251128 20:45:34.044163 49588 3@pebble/event.go:1219 ⋮ [n1,s1,pebble] 226  [JOB 63] flushing: sstable created 000075
I251128 20:45:34.297205 49588 3@pebble/event.go:1219 ⋮ [n1,s1,pebble] 227  [JOB 63] flushing: sstable created 000076
I251128 20:45:34.325287 49588 3@pebble/event.go:1219 ⋮ [n1,s1,pebble] 228  [JOB 63] flushing: sstable created 000077
I251128 20:45:34.805908 49588 3@pebble/event.go:1195 ⋮ [n1,s1,pebble] 229  [JOB 63] flushed 1 memtable (63MB) to L0 [000075 000076 000077] (1.8MB), in 0.7s (0.8s total), output rate 2.4MB/s
I251128 20:45:34.805971 49485 3@pebble/event.go:1179 ⋮ [n1,s1,pebble] 230  [JOB 65] compacting(default) L0 [000075] (900KB) Score=15.28 + L6 [000071] (399KB) Score=0.00; OverlappingRatio: Single 0.44, Multi 0.00
I251128 20:45:34.822242 49485 3@pebble/event.go:1219 ⋮ [n1,s1,pebble] 231  [JOB 65] compacting: sstable created 000078
I251128 20:45:35.102907 49485 3@pebble/event.go:1183 ⋮ [n1,s1,pebble] 232  [JOB 65] compacted(default) L0 [000075] (900KB) Score=15.28 + L6 [000071] (399KB) Score=0.00 -> L6 [000078] (534KB), in 0.3s (0.3s total), output rate 1.8MB/s
I251128 20:45:35.102984 49619 3@pebble/event.go:1179 ⋮ [n1,s1,pebble] 233  [JOB 66] compacting(default) L0 [000076] (1.3KB) Score=14.81 + L6 [000072] (1.1KB) Score=0.00; OverlappingRatio: Single 0.82, Multi 0.00
I251128 20:45:35.103425 106 3@pebble/event.go:1223 ⋮ [n1,s1,pebble] 234  [JOB 65] sstable deleted 000071
I251128 20:45:35.111176 49619 3@pebble/event.go:1219 ⋮ [n1,s1,pebble] 235  [JOB 66] compacting: sstable created 000079
I251128 20:45:35.111276 106 3@pebble/event.go:1223 ⋮ [n1,s1,pebble] 236  [JOB 65] sstable deleted 000075
I251128 20:45:35.143903 49619 3@pebble/event.go:1183 ⋮ [n1,s1,pebble] 237  [JOB 66] compacted(default) L0 [000076] (1.3KB) Score=14.81 + L6 [000072] (1.1KB) Score=0.00 -> L6 [000079] (1.1KB), in 0.0s (0.0s total), output rate 39KB/s
I251128 20:45:35.143956 49622 3@pebble/event.go:1179 ⋮ [n1,s1,pebble] 238  [JOB 67] compacting(default) L0 [000077] (953KB) Score=14.81 + L6 [000073] (3.8MB) Score=0.00; OverlappingRatio: Single 4.08, Multi 0.00
I251128 20:45:35.144288 106 3@pebble/event.go:1223 ⋮ [n1,s1,pebble] 239  [JOB 66] sstable deleted 000072
I251128 20:45:35.153248 106 3@pebble/event.go:1223 ⋮ [n1,s1,pebble] 240  [JOB 66] sstable deleted 000076
I251128 20:45:35.157191 49622 3@pebble/event.go:1219 ⋮ [n1,s1,pebble] 241  [JOB 67] compacting: sstable created 000080
I251128 20:45:37.054236 49622 3@pebble/event.go:1219 ⋮ [n1,s1,pebble] 242  [JOB 67] compacting: sstable created 000081
I251128 20:45:37.290929 49622 3@pebble/event.go:1183 ⋮ [n1,s1,pebble] 243  [JOB 67] compacted(default) L0 [000077] (953KB) Score=14.81 + L6 [000073] (3.8MB) Score=0.00 -> L6 [000080 000081] (4.4MB), in 2.1s (2.1s total), output rate 2.0MB/s
I251128 20:45:37.291416 106 3@pebble/event.go:1223 ⋮ [n1,s1,pebble] 244  [JOB 67] sstable deleted 000073
I251128 20:45:37.295321 106 3@pebble/event.go:1223 ⋮ [n1,s1,pebble] 245  [JOB 67] sstable deleted 000077
I251128 20:47:03.119685 641 3@kv/kvserver/store.go:3799 ⋮ [T1,Vsystem,n1,s1] 246  Pebble metrics:
I251128 20:47:03.119685 641 3@kv/kvserver/store.go:3799 ⋮ [T1,Vsystem,n1,s1] 246 +      |                             |                |       |   ingested   |     moved    |    written   |       |    amp   |    val sep
I251128 20:47:03.119685 641 3@kv/kvserver/store.go:3799 ⋮ [T1,Vsystem,n1,s1] 246 +level | tables  size val-bl vtables | score  ff  cff |   in  | tables  size | tables  size | tables  size |  read |   r   w  | refsz  valblk
I251128 20:47:03.119685 641 3@kv/kvserver/store.go:3799 ⋮ [T1,Vsystem,n1,s1] 246 +------+-----------------------------+----------------+-------+--------------+--------------+--------------+-------+----------+--------------
I251128 20:47:03.119685 641 3@kv/kvserver/store.go:3799 ⋮ [T1,Vsystem,n1,s1] 246 +    0 |     0     0B     0B       0 |    -    0    0 | 499MB |     0     0B |     0     0B |    30   13MB |    0B |   0 0.03 |    0B      0B
I251128 20:47:03.119685 641 3@kv/kvserver/store.go:3799 ⋮ [T1,Vsystem,n1,s1] 246 +    1 |     0     0B     0B       0 |    -    0    0 |    0B |     0     0B |     0     0B |     0     0B |    0B |   0    0 |    0B      0B
I251128 20:47:03.119685 641 3@kv/kvserver/store.go:3799 ⋮ [T1,Vsystem,n1,s1] 246 +    2 |     0     0B     0B       0 |    -    0    0 |    0B |     0     0B |     0     0B |     0     0B |    0B |   0    0 |    0B      0B
I251128 20:47:03.119685 641 3@kv/kvserver/store.go:3799 ⋮ [T1,Vsystem,n1,s1] 246 +    3 |     0     0B     0B       0 |    -    0    0 |    0B |     0     0B |     0     0B |     0     0B |    0B |   0    0 |    0B      0B
I251128 20:47:03.119685 641 3@kv/kvserver/store.go:3799 ⋮ [T1,Vsystem,n1,s1] 246 +    4 |     0     0B     0B       0 |    -    0    0 |    0B |     0     0B |     0     0B |     0     0B |    0B |   0    0 |    0B      0B
I251128 20:47:03.119685 641 3@kv/kvserver/store.go:3799 ⋮ [T1,Vsystem,n1,s1] 246 +    5 |     0     0B     0B       0 |    -    0    0 |    0B |     0     0B |     0     0B |     0     0B |    0B |   0    0 |    0B      0B
I251128 20:47:03.119685 641 3@kv/kvserver/store.go:3799 ⋮ [T1,Vsystem,n1,s1] 246 +    6 |     4  4.9MB  955KB       0 |    - 0.08 0.08 |  13MB |     0     0B |     0     0B |    31   29MB |  37MB |   1 2.18 |    0B   955KB
I251128 20:47:03.119685 641 3@kv/kvserver/store.go:3799 ⋮ [T1,Vsystem,n1,s1] 246 +total |     4  4.9MB  955KB       0 |    -    -    - | 541MB |     0     0B |     0     0B |    61  583MB |  37MB |   1 1.08 |    0B   955KB
I251128 20:47:03.119685 641 3@kv/kvserver/store.go:3799 ⋮ [T1,Vsystem,n1,s1] 246 +--------------------------------------------------------------------------------------------------------------------------------------------
I251128 20:47:03.119685 641 3@kv/kvserver/store.go:3799 ⋮ [T1,Vsystem,n1,s1] 246 +WAL: 1 files (42MB)  in: 533MB  written: 541MB (2% overhead)
I251128 20:47:03.119685 641 3@kv/kvserver/store.go:3799 ⋮ [T1,Vsystem,n1,s1] 246 +Flushes: 10
I251128 20:47:03.119685 641 3@kv/kvserver/store.go:3799 ⋮ [T1,Vsystem,n1,s1] 246 +Compactions: 28  estimated debt: 0B  in progress: 0 (0B)  canceled: 0 (0B)  failed: 0  problem spans: 0
I251128 20:47:03.119685 641 3@kv/kvserver/store.go:3799 ⋮ [T1,Vsystem,n1,s1] 246 +             default: 28  delete: 0  elision: 0  move: 0  read: 0  tombstone-density: 0  rewrite: 0  copy: 0  multi-level: 0  blob-file-rewrite:  0
I251128 20:47:03.119685 641 3@kv/kvserver/store.go:3799 ⋮ [T1,Vsystem,n1,s1] 246 +MemTables: 1 (64MB)  zombie: 1 (64MB)
I251128 20:47:03.119685 641 3@kv/kvserver/store.go:3799 ⋮ [T1,Vsystem,n1,s1] 246 +Zombie tables: 0 (0B, local: 0B)
I251128 20:47:03.119685 641 3@kv/kvserver/store.go:3799 ⋮ [T1,Vsystem,n1,s1] 246 +Backing tables: 0 (0B)
I251128 20:47:03.119685 641 3@kv/kvserver/store.go:3799 ⋮ [T1,Vsystem,n1,s1] 246 +Virtual tables: 0 (0B)
I251128 20:47:03.119685 641 3@kv/kvserver/store.go:3799 ⋮ [T1,Vsystem,n1,s1] 246 +Local tables size: 4.9MB
I251128 20:47:03.119685 641 3@kv/kvserver/store.go:3799 ⋮ [T1,Vsystem,n1,s1] 246 +Compression types: unknown: 4
I251128 20:47:03.119685 641 3@kv/kvserver/store.go:3799 ⋮ [T1,Vsystem,n1,s1] 246 +Table stats: all loaded
I251128 20:47:03.119685 641 3@kv/kvserver/store.go:3799 ⋮ [T1,Vsystem,n1,s1] 246 +Block cache: 0 entries (0B)  hit rate: 17.8%
I251128 20:47:03.119685 641 3@kv/kvserver/store.go:3799 ⋮ [T1,Vsystem,n1,s1] 246 +File cache: 3 tables, 0 blobfiles (1.5KB)  hit rate: 99.6%
I251128 20:47:03.119685 641 3@kv/kvserver/store.go:3799 ⋮ [T1,Vsystem,n1,s1] 246 +Range key sets: 0  Tombstones: 0  Total missized tombstones encountered: 0
I251128 20:47:03.119685 641 3@kv/kvserver/store.go:3799 ⋮ [T1,Vsystem,n1,s1] 246 +Snapshots: 0  earliest seq num: 0
I251128 20:47:03.119685 641 3@kv/kvserver/store.go:3799 ⋮ [T1,Vsystem,n1,s1] 246 +Table iters: 0
I251128 20:47:03.119685 641 3@kv/kvserver/store.go:3799 ⋮ [T1,Vsystem,n1,s1] 246 +Filter utility: 24.1%
I251128 20:47:03.119685 641 3@kv/kvserver/store.go:3799 ⋮ [T1,Vsystem,n1,s1] 246 +Ingestions: 0  as flushable: 0 (0B in 0 tables)
I251128 20:47:03.119685 641 3@kv/kvserver/store.go:3799 ⋮ [T1,Vsystem,n1,s1] 246 +Cgo memory usage: 128MB  block cache: 20KB (data: 0B, maps: 16KB, entries: 3.9KB)  memtables: 128MB
I251128 20:47:29.970484 875 3@pebble/event.go:1239 ⋮ [n1,s1,pebble] 247  [JOB 68] WAL created 000082 (recycled 000039)
I251128 20:47:29.970646 54174 3@pebble/event.go:1191 ⋮ [n1,s1,pebble] 248  [JOB 69] flushing 1 memtable (64MB) to L0
I251128 20:47:29.978855 54174 3@pebble/event.go:1219 ⋮ [n1,s1,pebble] 249  [JOB 69] flushing: sstable created 000083
I251128 20:47:30.240705 54174 3@pebble/event.go:1219 ⋮ [n1,s1,pebble] 250  [JOB 69] flushing: sstable created 000084
I251128 20:47:30.268675 54174 3@pebble/event.go:1219 ⋮ [n1,s1,pebble] 251  [JOB 69] flushing: sstable created 000085
I251128 20:47:30.795969 54174 3@pebble/event.go:1195 ⋮ [n1,s1,pebble] 252  [JOB 69] flushed 1 memtable (64MB) to L0 [000083 000084 000085] (1.6MB), in 0.8s (0.8s total), output rate 2.0MB/s
I251128 20:47:30.796046 54206 3@pebble/event.go:1179 ⋮ [n1,s1,pebble] 253  [JOB 71] compacting(default) L0 [000083] (752KB) Score=13.12 + L6 [000078] (534KB) Score=0.00; OverlappingRatio: Single 0.71, Multi 0.00
I251128 20:47:30.808704 54206 3@pebble/event.go:1219 ⋮ [n1,s1,pebble] 254  [JOB 71] compacting: sstable created 000086
I251128 20:47:31.016116 54206 3@pebble/event.go:1183 ⋮ [n1,s1,pebble] 255  [JOB 71] compacted(default) L0 [000083] (752KB) Score=13.12 + L6 [000078] (534KB) Score=0.00 -> L6 [000086] (276KB), in 0.2s (0.2s total), output rate 1.3MB/s
I251128 20:47:31.016298 54242 3@pebble/event.go:1179 ⋮ [n1,s1,pebble] 256  [JOB 72] compacting(default) L0 [000084] (1.6KB) Score=13.83 + L6 [000079] (1.1KB) Score=0.00; OverlappingRatio: Single 0.69, Multi 0.00
I251128 20:47:31.031709 106 3@pebble/event.go:1223 ⋮ [n1,s1,pebble] 257  [JOB 71] sstable deleted 000078
I251128 20:47:31.039845 54242 3@pebble/event.go:1219 ⋮ [n1,s1,pebble] 258  [JOB 72] compacting: sstable created 000087
I251128 20:47:31.039920 106 3@pebble/event.go:1223 ⋮ [n1,s1,pebble] 259  [JOB 71] sstable deleted 000083
I251128 20:47:31.075546 54242 3@pebble/event.go:1183 ⋮ [n1,s1,pebble] 260  [JOB 72] compacted(default) L0 [000084] (1.6KB) Score=13.83 + L6 [000079] (1.1KB) Score=0.00 -> L6 [000087] (1.1KB), in 0.0s (0.1s total), output rate 26KB/s
I251128 20:47:31.075607 54245 3@pebble/event.go:1179 ⋮ [n1,s1,pebble] 261  [JOB 73] compacting(default) L0 [000085] (898KB) Score=13.83 + L6 [000080 000081] (4.4MB) Score=0.00; OverlappingRatio: Single 4.97, Multi 0.00
I251128 20:47:31.083776 106 3@pebble/event.go:1223 ⋮ [n1,s1,pebble] 262  [JOB 72] sstable deleted 000079
I251128 20:47:31.091742 54245 3@pebble/event.go:1219 ⋮ [n1,s1,pebble] 263  [JOB 73] compacting: sstable created 000088
I251128 20:47:31.091770 106 3@pebble/event.go:1223 ⋮ [n1,s1,pebble] 264  [JOB 72] sstable deleted 000084
I251128 20:47:33.095691 54245 3@pebble/event.go:1219 ⋮ [n1,s1,pebble] 265  [JOB 73] compacting: sstable created 000089
I251128 20:47:33.461509 54245 3@pebble/event.go:1183 ⋮ [n1,s1,pebble] 266  [JOB 73] compacted(default) L0 [000085] (898KB) Score=13.83 + L6 [000080 000081] (4.4MB) Score=0.00 -> L6 [000088 000089] (4.8MB), in 2.4s (2.4s total), output rate 2.0MB/s
I251128 20:47:33.465741 106 3@pebble/event.go:1223 ⋮ [n1,s1,pebble] 267  [JOB 73] sstable deleted 000080
I251128 20:47:33.470081 106 3@pebble/event.go:1223 ⋮ [n1,s1,pebble] 268  [JOB 73] sstable deleted 000081
I251128 20:47:33.473809 106 3@pebble/event.go:1223 ⋮ [n1,s1,pebble] 269  [JOB 73] sstable deleted 000085
I251128 20:49:23.419976 835 3@pebble/event.go:1239 ⋮ [n1,s1,pebble] 270  [JOB 74] WAL created 000090 (recycled 000046)
I251128 20:49:23.420075 58406 3@pebble/event.go:1191 ⋮ [n1,s1,pebble] 271  [JOB 75] flushing 1 memtable (64MB) to L0
I251128 20:49:23.420219 58406 3@pebble/event.go:1219 ⋮ [n1,s1,pebble] 272  [JOB 75] flushing: sstable created 000091
I251128 20:49:23.614373 58406 3@pebble/event.go:1219 ⋮ [n1,s1,pebble] 273  [JOB 75] flushing: sstable created 000092
I251128 20:49:23.634314 58406 3@pebble/event.go:1219 ⋮ [n1,s1,pebble] 274  [JOB 75] flushing: sstable created 000093
I251128 20:49:24.201037 58406 3@pebble/event.go:1195 ⋮ [n1,s1,pebble] 275  [JOB 75] flushed 1 memtable (64MB) to L0 [000091 000092 000093] (1.6MB), in 0.8s (0.8s total), output rate 2.1MB/s
I251128 20:49:24.201101 58450 3@pebble/event.go:1179 ⋮ [n1,s1,pebble] 276  [JOB 76] compacting(default) L0 [000091] (788KB) Score=12.59 + L6 [000086] (276KB) Score=0.00; OverlappingRatio: Single 0.35, Multi 0.00
I251128 20:49:24.214363 58450 3@pebble/event.go:1219 ⋮ [n1,s1,pebble] 277  [JOB 76] compacting: sstable created 000094
I251128 20:49:24.475296 58450 3@pebble/event.go:1183 ⋮ [n1,s1,pebble] 278  [JOB 76] compacted(default) L0 [000091] (788KB) Score=12.59 + L6 [000086] (276KB) Score=0.00 -> L6 [000094] (353KB), in 0.2s (0.3s total), output rate 1.4MB/s
I251128 20:49:24.475402 58467 3@pebble/event.go:1179 ⋮ [n1,s1,pebble] 279  [JOB 78] compacting(default) L0 [000092] (1.3KB) Score=12.40 + L6 [000087] (1.1KB) Score=0.00; OverlappingRatio: Single 0.87, Multi 0.00
I251128 20:49:24.475774 106 3@pebble/event.go:1223 ⋮ [n1,s1,pebble] 280  [JOB 76] sstable deleted 000086
I251128 20:49:24.487662 58467 3@pebble/event.go:1219 ⋮ [n1,s1,pebble] 281  [JOB 78] compacting: sstable created 000095
I251128 20:49:24.487699 106 3@pebble/event.go:1223 ⋮ [n1,s1,pebble] 282  [JOB 76] sstable deleted 000091
I251128 20:49:24.522145 58467 3@pebble/event.go:1183 ⋮ [n1,s1,pebble] 283  [JOB 78] compacted(default) L0 [000092] (1.3KB) Score=12.40 + L6 [000087] (1.1KB) Score=0.00 -> L6 [000095] (1.1KB), in 0.0s (0.0s total), output rate 33KB/s
I251128 20:49:24.522221 58470 3@pebble/event.go:1179 ⋮ [n1,s1,pebble] 284  [JOB 79] compacting(default) L0 [000093] (860KB) Score=12.40 + L6 [000088 000089] (4.8MB) Score=0.00; OverlappingRatio: Single 5.73, Multi 0.00
I251128 20:49:24.522499 106 3@pebble/event.go:1223 ⋮ [n1,s1,pebble] 285  [JOB 78] sstable deleted 000087
I251128 20:49:24.526519 106 3@pebble/event.go:1223 ⋮ [n1,s1,pebble] 286  [JOB 78] sstable deleted 000092
I251128 20:49:24.534354 58470 3@pebble/event.go:1219 ⋮ [n1,s1,pebble] 287  [JOB 79] compacting: sstable created 000096
I251128 20:49:26.909347 58470 3@pebble/event.go:1219 ⋮ [n1,s1,pebble] 288  [JOB 79] compacting: sstable created 000097
I251128 20:49:27.613094 58470 3@pebble/event.go:1183 ⋮ [n1,s1,pebble] 289  [JOB 79] compacted(default) L0 [000093] (860KB) Score=12.40 + L6 [000088 000089] (4.8MB) Score=0.00 -> L6 [000096 000097] (5.3MB), in 3.1s (3.1s total), output rate 1.7MB/s
I251128 20:49:27.613414 106 3@pebble/event.go:1223 ⋮ [n1,s1,pebble] 290  [JOB 79] sstable deleted 000088
I251128 20:49:27.617813 106 3@pebble/event.go:1223 ⋮ [n1,s1,pebble] 291  [JOB 79] sstable deleted 000089
I251128 20:49:27.621500 106 3@pebble/event.go:1223 ⋮ [n1,s1,pebble] 292  [JOB 79] sstable deleted 000093
I251128 20:51:14.037532 844 3@pebble/event.go:1239 ⋮ [n1,s1,pebble] 293  [JOB 80] WAL created 000098 (recycled 000053)
I251128 20:51:14.037621 61290 3@pebble/event.go:1191 ⋮ [n1,s1,pebble] 294  [JOB 81] flushing 1 memtable (64MB) to L0
I251128 20:51:14.037835 61290 3@pebble/event.go:1219 ⋮ [n1,s1,pebble] 295  [JOB 81] flushing: sstable created 000099
I251128 20:51:14.230861 61290 3@pebble/event.go:1219 ⋮ [n1,s1,pebble] 296  [JOB 81] flushing: sstable created 000100
I251128 20:51:14.254944 61290 3@pebble/event.go:1219 ⋮ [n1,s1,pebble] 297  [JOB 81] flushing: sstable created 000101
I251128 20:51:14.733676 61290 3@pebble/event.go:1195 ⋮ [n1,s1,pebble] 298  [JOB 81] flushed 1 memtable (64MB) to L0 [000099 000100 000101] (1.6MB), in 0.7s (0.7s total), output rate 2.4MB/s
I251128 20:51:14.733749 61294 3@pebble/event.go:1179 ⋮ [n1,s1,pebble] 299  [JOB 83] compacting(default) L0 [000099] (818KB) Score=11.39 + L6 [000094] (353KB) Score=0.00; OverlappingRatio: Single 0.43, Multi 0.00
I251128 20:51:14.749861 61294 3@pebble/event.go:1219 ⋮ [n1,s1,pebble] 300  [JOB 83] compacting: sstable created 000102
I251128 20:51:15.063556 61294 3@pebble/event.go:1183 ⋮ [n1,s1,pebble] 301  [JOB 83] compacted(default) L0 [000099] (818KB) Score=11.39 + L6 [000094] (353KB) Score=0.00 -> L6 [000102] (413KB), in 0.3s (0.3s total), output rate 1.3MB/s
I251128 20:51:15.063651 61297 3@pebble/event.go:1179 ⋮ [n1,s1,pebble] 302  [JOB 84] compacting(default) L0 [000100] (1.3KB) Score=11.27 + L6 [000095] (1.1KB) Score=0.00; OverlappingRatio: Single 0.88, Multi 0.00
I251128 20:51:15.068136 106 3@pebble/event.go:1223 ⋮ [n1,s1,pebble] 303  [JOB 83] sstable deleted 000094
I251128 20:51:15.075890 61297 3@pebble/event.go:1219 ⋮ [n1,s1,pebble] 304  [JOB 84] compacting: sstable created 000103
I251128 20:51:15.075936 106 3@pebble/event.go:1223 ⋮ [n1,s1,pebble] 305  [JOB 83] sstable deleted 000099
I251128 20:51:15.103530 61297 3@pebble/event.go:1183 ⋮ [n1,s1,pebble] 306  [JOB 84] compacted(default) L0 [000100] (1.3KB) Score=11.27 + L6 [000095] (1.1KB) Score=0.00 -> L6 [000103] (1.1KB), in 0.0s (0.0s total), output rate 41KB/s
I251128 20:51:15.103594 62461 3@pebble/event.go:1179 ⋮ [n1,s1,pebble] 307  [JOB 85] compacting(default) L0 [000101] (859KB) Score=11.27 + L6 [000096 000097] (5.3MB) Score=0.00; OverlappingRatio: Single 6.28, Multi 0.00
I251128 20:51:15.108011 106 3@pebble/event.go:1223 ⋮ [n1,s1,pebble] 308  [JOB 84] sstable deleted 000095
I251128 20:51:15.115901 62461 3@pebble/event.go:1219 ⋮ [n1,s1,pebble] 309  [JOB 85] compacting: sstable created 000104
I251128 20:51:15.115958 106 3@pebble/event.go:1223 ⋮ [n1,s1,pebble] 310  [JOB 84] sstable deleted 000100
I251128 20:51:17.707838 62461 3@pebble/event.go:1219 ⋮ [n1,s1,pebble] 311  [JOB 85] compacting: sstable created 000105
I251128 20:51:18.747686 62461 3@pebble/event.go:1183 ⋮ [n1,s1,pebble] 312  [JOB 85] compacted(default) L0 [000101] (859KB) Score=11.27 + L6 [000096 000097] (5.3MB) Score=0.00 -> L6 [000104 000105] (5.7MB), in 3.6s (3.6s total), output rate 1.6MB/s
I251128 20:51:18.748206 106 3@pebble/event.go:1223 ⋮ [n1,s1,pebble] 313  [JOB 85] sstable deleted 000096
I251128 20:51:18.751997 106 3@pebble/event.go:1223 ⋮ [n1,s1,pebble] 314  [JOB 85] sstable deleted 000097
I251128 20:51:18.759893 106 3@pebble/event.go:1223 ⋮ [n1,s1,pebble] 315  [JOB 85] sstable deleted 000101
I251128 20:52:57.435920 877 3@pebble/event.go:1239 ⋮ [n1,s1,pebble] 316  [JOB 86] WAL created 000106 (recycled 000060)
I251128 20:52:57.436081 66967 3@pebble/event.go:1191 ⋮ [n1,s1,pebble] 317  [JOB 87] flushing 1 memtable (64MB) to L0
I251128 20:52:57.444232 66967 3@pebble/event.go:1219 ⋮ [n1,s1,pebble] 318  [JOB 87] flushing: sstable created 000107
I251128 20:52:57.768212 66967 3@pebble/event.go:1219 ⋮ [n1,s1,pebble] 319  [JOB 87] flushing: sstable created 000108
I251128 20:52:57.792217 66967 3@pebble/event.go:1219 ⋮ [n1,s1,pebble] 320  [JOB 87] flushing: sstable created 000109
I251128 20:52:58.310883 66967 3@pebble/event.go:1195 ⋮ [n1,s1,pebble] 321  [JOB 87] flushed 1 memtable (64MB) to L0 [000107 000108 000109] (1.8MB), in 0.9s (0.9s total), output rate 2.1MB/s
I251128 20:52:58.310951 67091 3@pebble/event.go:1179 ⋮ [n1,s1,pebble] 322  [JOB 89] compacting(default) L0 [000107] (902KB) Score=10.44 + L6 [000102] (413KB) Score=0.00; OverlappingRatio: Single 0.46, Multi 0.00
I251128 20:52:58.319125 67091 3@pebble/event.go:1219 ⋮ [n1,s1,pebble] 323  [JOB 89] compacting: sstable created 000110
I251128 20:52:58.572017 67091 3@pebble/event.go:1183 ⋮ [n1,s1,pebble] 324  [JOB 89] compacted(default) L0 [000107] (902KB) Score=10.44 + L6 [000102] (413KB) Score=0.00 -> L6 [000110] (322KB), in 0.2s (0.3s total), output rate 1.3MB/s
I251128 20:52:58.572116 67020 3@pebble/event.go:1179 ⋮ [n1,s1,pebble] 325  [JOB 90] compacting(default) L0 [000108] (1.6KB) Score=10.60 + L6 [000103] (1.1KB) Score=0.00; OverlappingRatio: Single 0.69, Multi 0.00
I251128 20:52:58.576185 106 3@pebble/event.go:1223 ⋮ [n1,s1,pebble] 326  [JOB 89] sstable deleted 000102
I251128 20:52:58.588141 67020 3@pebble/event.go:1219 ⋮ [n1,s1,pebble] 327  [JOB 90] compacting: sstable created 000111
I251128 20:52:58.588200 106 3@pebble/event.go:1223 ⋮ [n1,s1,pebble] 328  [JOB 89] sstable deleted 000107
I251128 20:52:58.623929 67020 3@pebble/event.go:1183 ⋮ [n1,s1,pebble] 329  [JOB 90] compacted(default) L0 [000108] (1.6KB) Score=10.60 + L6 [000103] (1.1KB) Score=0.00 -> L6 [000111] (1.4KB), in 0.0s (0.1s total), output rate 44KB/s
I251128 20:52:58.624015 67023 3@pebble/event.go:1179 ⋮ [n1,s1,pebble] 330  [JOB 91] compacting(default) L0 [000109] (936KB) Score=10.60 + L6 [000104 000105] (5.7MB) Score=0.00; OverlappingRatio: Single 6.26, Multi 0.00
I251128 20:52:58.628737 106 3@pebble/event.go:1223 ⋮ [n1,s1,pebble] 331  [JOB 90] sstable deleted 000103
I251128 20:52:58.636369 67023 3@pebble/event.go:1219 ⋮ [n1,s1,pebble] 332  [JOB 91] compacting: sstable created 000112
I251128 20:52:58.636391 106 3@pebble/event.go:1223 ⋮ [n1,s1,pebble] 333  [JOB 90] sstable deleted 000108
I251128 20:53:01.150451 67023 3@pebble/event.go:1219 ⋮ [n1,s1,pebble] 334  [JOB 91] compacting: sstable created 000113
I251128 20:53:02.103926 67023 3@pebble/event.go:1183 ⋮ [n1,s1,pebble] 335  [JOB 91] compacted(default) L0 [000109] (936KB) Score=10.60 + L6 [000104 000105] (5.7MB) Score=0.00 -> L6 [000112 000113] (6.3MB), in 3.5s (3.5s total), output rate 1.8MB/s
I251128 20:53:02.104451 106 3@pebble/event.go:1223 ⋮ [n1,s1,pebble] 336  [JOB 91] sstable deleted 000104
I251128 20:53:02.113356 106 3@pebble/event.go:1223 ⋮ [n1,s1,pebble] 337  [JOB 91] sstable deleted 000105
I251128 20:53:02.117419 106 3@pebble/event.go:1223 ⋮ [n1,s1,pebble] 338  [JOB 91] sstable deleted 000109
I251128 20:54:33.178188 846 3@pebble/event.go:1239 ⋮ [n1,s1,pebble] 339  [JOB 92] WAL created 000114 (recycled 000067)
I251128 20:54:33.178278 71055 3@pebble/event.go:1191 ⋮ [n1,s1,pebble] 340  [JOB 93] flushing 1 memtable (64MB) to L0
I251128 20:54:33.182437 71055 3@pebble/event.go:1219 ⋮ [n1,s1,pebble] 341  [JOB 93] flushing: sstable created 000115
I251128 20:54:33.517689 71055 3@pebble/event.go:1219 ⋮ [n1,s1,pebble] 342  [JOB 93] flushing: sstable created 000116
I251128 20:54:33.549448 71055 3@pebble/event.go:1219 ⋮ [n1,s1,pebble] 343  [JOB 93] flushing: sstable created 000117
I251128 20:54:34.086212 71055 3@pebble/event.go:1195 ⋮ [n1,s1,pebble] 344  [JOB 93] flushed 1 memtable (64MB) to L0 [000115 000116 000117] (2.1MB), in 0.9s (0.9s total), output rate 2.3MB/s
I251128 20:54:34.086283 71143 3@pebble/event.go:1179 ⋮ [n1,s1,pebble] 345  [JOB 95] compacting(default) L0 [000115] (1.1MB) Score=9.74 + L6 [000110] (322KB) Score=0.00; OverlappingRatio: Single 0.29, Multi 0.00
I251128 20:54:34.094507 71143 3@pebble/event.go:1219 ⋮ [n1,s1,pebble] 346  [JOB 95] compacting: sstable created 000118
I251128 20:54:34.343172 71143 3@pebble/event.go:1183 ⋮ [n1,s1,pebble] 347  [JOB 95] compacted(default) L0 [000115] (1.1MB) Score=9.74 + L6 [000110] (322KB) Score=0.00 -> L6 [000118] (338KB), in 0.2s (0.3s total), output rate 1.3MB/s
I251128 20:54:34.343258 71159 3@pebble/event.go:1179 ⋮ [n1,s1,pebble] 348  [JOB 96] compacting(default) L0 [000116] (1.6KB) Score=9.72 + L6 [000111] (1.4KB) Score=0.00; OverlappingRatio: Single 0.87, Multi 0.00
I251128 20:54:34.351208 106 3@pebble/event.go:1223 ⋮ [n1,s1,pebble] 349  [JOB 95] sstable deleted 000110
I251128 20:54:34.363749 106 3@pebble/event.go:1223 ⋮ [n1,s1,pebble] 350  [JOB 95] sstable deleted 000115
I251128 20:54:34.367451 71159 3@pebble/event.go:1219 ⋮ [n1,s1,pebble] 351  [JOB 96] compacting: sstable created 000119
I251128 20:54:34.403211 71159 3@pebble/event.go:1183 ⋮ [n1,s1,pebble] 352  [JOB 96] compacted(default) L0 [000116] (1.6KB) Score=9.72 + L6 [000111] (1.4KB) Score=0.00 -> L6 [000119] (1.1KB), in 0.0s (0.1s total), output rate 26KB/s
I251128 20:54:34.403288 71189 3@pebble/event.go:1179 ⋮ [n1,s1,pebble] 353  [JOB 97] compacting(default) L0 [000117] (1.0MB) Score=9.72 + L6 [000112 000113] (6.3MB) Score=0.00; OverlappingRatio: Single 6.09, Multi 0.00
I251128 20:54:34.403417 106 3@pebble/event.go:1223 ⋮ [n1,s1,pebble] 354  [JOB 96] sstable deleted 000111
I251128 20:54:34.407531 106 3@pebble/event.go:1223 ⋮ [n1,s1,pebble] 355  [JOB 96] sstable deleted 000116
I251128 20:54:34.415480 71189 3@pebble/event.go:1219 ⋮ [n1,s1,pebble] 356  [JOB 97] compacting: sstable created 000120
I251128 20:54:37.098556 71189 3@pebble/event.go:1219 ⋮ [n1,s1,pebble] 357  [JOB 97] compacting: sstable created 000121
I251128 20:54:38.236319 71189 3@pebble/event.go:1183 ⋮ [n1,s1,pebble] 358  [JOB 97] compacted(default) L0 [000117] (1.0MB) Score=9.72 + L6 [000112 000113] (6.3MB) Score=0.00 -> L6 [000120 000121] (6.8MB), in 3.8s (3.8s total), output rate 1.8MB/s
I251128 20:54:38.236860 106 3@pebble/event.go:1223 ⋮ [n1,s1,pebble] 359  [JOB 97] sstable deleted 000112
I251128 20:54:38.240742 106 3@pebble/event.go:1223 ⋮ [n1,s1,pebble] 360  [JOB 97] sstable deleted 000113
I251128 20:54:38.244866 106 3@pebble/event.go:1223 ⋮ [n1,s1,pebble] 361  [JOB 97] sstable deleted 000117
I251128 20:56:03.199425 840 3@pebble/event.go:1239 ⋮ [n1,s1,pebble] 362  [JOB 98] WAL created 000122 (recycled 000074)
I251128 20:56:03.199557 75379 3@pebble/event.go:1191 ⋮ [n1,s1,pebble] 363  [JOB 99] flushing 1 memtable (64MB) to L0
I251128 20:56:03.207715 75379 3@pebble/event.go:1219 ⋮ [n1,s1,pebble] 364  [JOB 99] flushing: sstable created 000123
I251128 20:56:03.504737 75379 3@pebble/event.go:1219 ⋮ [n1,s1,pebble] 365  [JOB 99] flushing: sstable created 000124
I251128 20:56:03.531629 75379 3@pebble/event.go:1219 ⋮ [n1,s1,pebble] 366  [JOB 99] flushing: sstable created 000125
I251128 20:56:04.051433 75379 3@pebble/event.go:1195 ⋮ [n1,s1,pebble] 367  [JOB 99] flushed 1 memtable (64MB) to L0 [000123 000124 000125] (2.2MB), in 0.8s (0.9s total), output rate 2.6MB/s
I251128 20:56:04.051535 75414 3@pebble/event.go:1179 ⋮ [n1,s1,pebble] 368  [JOB 101] compacting(default) L0 [000123] (1.1MB) Score=8.94 + L6 [000118] (338KB) Score=0.00; OverlappingRatio: Single 0.29, Multi 0.00
I251128 20:56:04.051813 75414 3@pebble/event.go:1219 ⋮ [n1,s1,pebble] 369  [JOB 101] compacting: sstable created 000126
I251128 20:56:04.276487 75414 3@pebble/event.go:1183 ⋮ [n1,s1,pebble] 370  [JOB 101] compacted(default) L0 [000123] (1.1MB) Score=8.94 + L6 [000118] (338KB) Score=0.00 -> L6 [000126] (450KB), in 0.2s (0.2s total), output rate 2.1MB/s
I251128 20:56:04.276569 75427 3@pebble/event.go:1179 ⋮ [n1,s1,pebble] 371  [JOB 102] compacting(default) L0 [000124] (1.5KB) Score=8.81 + L6 [000119] (1.1KB) Score=0.00; OverlappingRatio: Single 0.73, Multi 0.00
I251128 20:56:04.280798 106 3@pebble/event.go:1223 ⋮ [n1,s1,pebble] 372  [JOB 101] sstable deleted 000118
I251128 20:56:04.288878 75427 3@pebble/event.go:1219 ⋮ [n1,s1,pebble] 373  [JOB 102] compacting: sstable created 000127
I251128 20:56:04.288949 106 3@pebble/event.go:1223 ⋮ [n1,s1,pebble] 374  [JOB 101] sstable deleted 000123
I251128 20:56:04.324482 75427 3@pebble/event.go:1183 ⋮ [n1,s1,pebble] 375  [JOB 102] compacted(default) L0 [000124] (1.5KB) Score=8.81 + L6 [000119] (1.1KB) Score=0.00 -> L6 [000127] (1.3KB), in 0.0s (0.0s total), output rate 35KB/s
I251128 20:56:04.324556 75430 3@pebble/event.go:1179 ⋮ [n1,s1,pebble] 376  [JOB 103] compacting(default) L0 [000125] (1.0MB) Score=8.81 + L6 [000120 000121] (6.8MB) Score=0.00; OverlappingRatio: Single 6.61, Multi 0.00
I251128 20:56:04.324818 106 3@pebble/event.go:1223 ⋮ [n1,s1,pebble] 377  [JOB 102] sstable deleted 000119
I251128 20:56:04.332800 106 3@pebble/event.go:1223 ⋮ [n1,s1,pebble] 378  [JOB 102] sstable deleted 000124
I251128 20:56:04.340966 75430 3@pebble/event.go:1219 ⋮ [n1,s1,pebble] 379  [JOB 103] compacting: sstable created 000128
I251128 20:56:06.844808 75430 3@pebble/event.go:1219 ⋮ [n1,s1,pebble] 380  [JOB 103] compacting: sstable created 000129
I251128 20:56:08.184575 75430 3@pebble/event.go:1183 ⋮ [n1,s1,pebble] 381  [JOB 103] compacted(default) L0 [000125] (1.0MB) Score=8.81 + L6 [000120 000121] (6.8MB) Score=0.00 -> L6 [000128 000129] (7.5MB), in 3.8s (3.9s total), output rate 1.9MB/s
I251128 20:56:08.188640 106 3@pebble/event.go:1223 ⋮ [n1,s1,pebble] 382  [JOB 103] sstable deleted 000120
I251128 20:56:08.188866 106 3@pebble/event.go:1223 ⋮ [n1,s1,pebble] 383  [JOB 103] sstable deleted 000121
I251128 20:56:08.192821 106 3@pebble/event.go:1223 ⋮ [n1,s1,pebble] 384  [JOB 103] sstable deleted 000125
I251128 20:57:03.127801 641 3@kv/kvserver/store.go:3799 ⋮ [T1,Vsystem,n1,s1] 385  Pebble metrics:
I251128 20:57:03.127801 641 3@kv/kvserver/store.go:3799 ⋮ [T1,Vsystem,n1,s1] 385 +      |                             |                |       |   ingested   |     moved    |    written   |       |    amp   |    val sep
I251128 20:57:03.127801 641 3@kv/kvserver/store.go:3799 ⋮ [T1,Vsystem,n1,s1] 385 +level | tables  size val-bl vtables | score  ff  cff |   in  | tables  size | tables  size | tables  size |  read |   r   w  | refsz  valblk
I251128 20:57:03.127801 641 3@kv/kvserver/store.go:3799 ⋮ [T1,Vsystem,n1,s1] 385 +------+-----------------------------+----------------+-------+--------------+--------------+--------------+-------+----------+--------------
I251128 20:57:03.127801 641 3@kv/kvserver/store.go:3799 ⋮ [T1,Vsystem,n1,s1] 385 +    0 |     0     0B     0B       0 |    -    0    0 | 833MB |     0     0B |     0     0B |    48   24MB |    0B |   0 0.03 |    0B      0B
I251128 20:57:03.127801 641 3@kv/kvserver/store.go:3799 ⋮ [T1,Vsystem,n1,s1] 385 +    1 |     0     0B     0B       0 |    -    0    0 |    0B |     0     0B |     0     0B |     0     0B |    0B |   0    0 |    0B      0B
I251128 20:57:03.127801 641 3@kv/kvserver/store.go:3799 ⋮ [T1,Vsystem,n1,s1] 385 +    2 |     0     0B     0B       0 |    -    0    0 |    0B |     0     0B |     0     0B |     0     0B |    0B |   0    0 |    0B      0B
I251128 20:57:03.127801 641 3@kv/kvserver/store.go:3799 ⋮ [T1,Vsystem,n1,s1] 385 +    3 |     0     0B     0B       0 |    -    0    0 |    0B |     0     0B |     0     0B |     0     0B |    0B |   0    0 |    0B      0B
I251128 20:57:03.127801 641 3@kv/kvserver/store.go:3799 ⋮ [T1,Vsystem,n1,s1] 385 +    4 |     0     0B     0B       0 |    -    0    0 |    0B |     0     0B |     0     0B |     0     0B |    0B |   0    0 |    0B      0B
I251128 20:57:03.127801 641 3@kv/kvserver/store.go:3799 ⋮ [T1,Vsystem,n1,s1] 385 +    5 |     0     0B     0B       0 |    -    0    0 |    0B |     0     0B |     0     0B |     0     0B |    0B |   0    0 |    0B      0B
I251128 20:57:03.127801 641 3@kv/kvserver/store.go:3799 ⋮ [T1,Vsystem,n1,s1] 385 +    6 |     4  7.9MB  1.9MB       0 |    - 0.12 0.12 |  24MB |     0     0B |     0     0B |    55   67MB |  84MB |   1 2.79 |    0B   1.9MB
I251128 20:57:03.127801 641 3@kv/kvserver/store.go:3799 ⋮ [T1,Vsystem,n1,s1] 385 +total |     4  7.9MB  1.9MB       0 |    -    -    - | 869MB |     0     0B |     0     0B |   103  961MB |  84MB |   1 1.11 |    0B   1.9MB
I251128 20:57:03.127801 641 3@kv/kvserver/store.go:3799 ⋮ [T1,Vsystem,n1,s1] 385 +--------------------------------------------------------------------------------------------------------------------------------------------
I251128 20:57:03.127801 641 3@kv/kvserver/store.go:3799 ⋮ [T1,Vsystem,n1,s1] 385 +WAL: 1 files (36MB)  in: 855MB  written: 869MB (2% overhead)
I251128 20:57:03.127801 641 3@kv/kvserver/store.go:3799 ⋮ [T1,Vsystem,n1,s1] 385 +Flushes: 16
I251128 20:57:03.127801 641 3@kv/kvserver/store.go:3799 ⋮ [T1,Vsystem,n1,s1] 385 +Compactions: 46  estimated debt: 0B  in progress: 0 (0B)  canceled: 0 (0B)  failed: 0  problem spans: 0
I251128 20:57:03.127801 641 3@kv/kvserver/store.go:3799 ⋮ [T1,Vsystem,n1,s1] 385 +             default: 46  delete: 0  elision: 0  move: 0  read: 0  tombstone-density: 0  rewrite: 0  copy: 0  multi-level: 0  blob-file-rewrite:  0
I251128 20:57:03.127801 641 3@kv/kvserver/store.go:3799 ⋮ [T1,Vsystem,n1,s1] 385 +MemTables: 1 (64MB)  zombie: 1 (64MB)
I251128 20:57:03.127801 641 3@kv/kvserver/store.go:3799 ⋮ [T1,Vsystem,n1,s1] 385 +Zombie tables: 0 (0B, local: 0B)
I251128 20:57:03.127801 641 3@kv/kvserver/store.go:3799 ⋮ [T1,Vsystem,n1,s1] 385 +Backing tables: 0 (0B)
I251128 20:57:03.127801 641 3@kv/kvserver/store.go:3799 ⋮ [T1,Vsystem,n1,s1] 385 +Virtual tables: 0 (0B)
I251128 20:57:03.127801 641 3@kv/kvserver/store.go:3799 ⋮ [T1,Vsystem,n1,s1] 385 +Local tables size: 7.9MB
I251128 20:57:03.127801 641 3@kv/kvserver/store.go:3799 ⋮ [T1,Vsystem,n1,s1] 385 +Compression types: unknown: 4
I251128 20:57:03.127801 641 3@kv/kvserver/store.go:3799 ⋮ [T1,Vsystem,n1,s1] 385 +Table stats: all loaded
I251128 20:57:03.127801 641 3@kv/kvserver/store.go:3799 ⋮ [T1,Vsystem,n1,s1] 385 +Block cache: 0 entries (0B)  hit rate: 11.0%
I251128 20:57:03.127801 641 3@kv/kvserver/store.go:3799 ⋮ [T1,Vsystem,n1,s1] 385 +File cache: 3 tables, 0 blobfiles (1.5KB)  hit rate: 99.6%
I251128 20:57:03.127801 641 3@kv/kvserver/store.go:3799 ⋮ [T1,Vsystem,n1,s1] 385 +Range key sets: 0  Tombstones: 0  Total missized tombstones encountered: 0
I251128 20:57:03.127801 641 3@kv/kvserver/store.go:3799 ⋮ [T1,Vsystem,n1,s1] 385 +Snapshots: 0  earliest seq num: 0
I251128 20:57:03.127801 641 3@kv/kvserver/store.go:3799 ⋮ [T1,Vsystem,n1,s1] 385 +Table iters: 0
I251128 20:57:03.127801 641 3@kv/kvserver/store.go:3799 ⋮ [T1,Vsystem,n1,s1] 385 +Filter utility: 20.0%
I251128 20:57:03.127801 641 3@kv/kvserver/store.go:3799 ⋮ [T1,Vsystem,n1,s1] 385 +Ingestions: 0  as flushable: 0 (0B in 0 tables)
I251128 20:57:03.127801 641 3@kv/kvserver/store.go:3799 ⋮ [T1,Vsystem,n1,s1] 385 +Cgo memory usage: 128MB  block cache: 20KB (data: 0B, maps: 16KB, entries: 4.0KB)  memtables: 128MB
I251128 20:57:28.079738 872 3@pebble/event.go:1239 ⋮ [n1,s1,pebble] 386  [JOB 104] WAL created 000130 (recycled 000082)
I251128 20:57:28.079825 79139 3@pebble/event.go:1191 ⋮ [n1,s1,pebble] 387  [JOB 105] flushing 1 memtable (64MB) to L0
I251128 20:57:28.080014 79139 3@pebble/event.go:1219 ⋮ [n1,s1,pebble] 388  [JOB 105] flushing: sstable created 000131
I251128 20:57:28.249901 79139 3@pebble/event.go:1219 ⋮ [n1,s1,pebble] 389  [JOB 105] flushing: sstable created 000132
I251128 20:57:28.273871 79139 3@pebble/event.go:1219 ⋮ [n1,s1,pebble] 390  [JOB 105] flushing: sstable created 000133
I251128 20:57:28.882571 79139 3@pebble/event.go:1195 ⋮ [n1,s1,pebble] 391  [JOB 105] flushed 1 memtable (64MB) to L0 [000131 000132 000133] (2.1MB), in 0.8s (0.8s total), output rate 2.7MB/s
I251128 20:57:28.882646 79205 3@pebble/event.go:1179 ⋮ [n1,s1,pebble] 392  [JOB 107] compacting(default) L0 [000131] (1.1MB) Score=8.08 + L6 [000126] (450KB) Score=0.00; OverlappingRatio: Single 0.40, Multi 0.00
I251128 20:57:28.890883 79205 3@pebble/event.go:1219 ⋮ [n1,s1,pebble] 393  [JOB 107] compacting: sstable created 000134
I251128 20:57:29.124598 79205 3@pebble/event.go:1183 ⋮ [n1,s1,pebble] 394  [JOB 107] compacted(default) L0 [000131] (1.1MB) Score=8.08 + L6 [000126] (450KB) Score=0.00 -> L6 [000134] (383KB), in 0.2s (0.2s total), output rate 1.6MB/s
I251128 20:57:29.124691 79147 3@pebble/event.go:1179 ⋮ [n1,s1,pebble] 395  [JOB 108] compacting(default) L0 [000132] (1.8KB) Score=8.14 + L6 [000127] (1.3KB) Score=0.00; OverlappingRatio: Single 0.70, Multi 0.00
I251128 20:57:29.128968 106 3@pebble/event.go:1223 ⋮ [n1,s1,pebble] 396  [JOB 107] sstable deleted 000126
I251128 20:57:29.136851 106 3@pebble/event.go:1223 ⋮ [n1,s1,pebble] 397  [JOB 107] sstable deleted 000131
I251128 20:57:29.136853 79147 3@pebble/event.go:1219 ⋮ [n1,s1,pebble] 398  [JOB 108] compacting: sstable created 000135
I251128 20:57:29.169598 79147 3@pebble/event.go:1183 ⋮ [n1,s1,pebble] 399  [JOB 108] compacted(default) L0 [000132] (1.8KB) Score=8.14 + L6 [000127] (1.3KB) Score=0.00 -> L6 [000135] (1.4KB), in 0.0s (0.0s total), output rate 43KB/s
I251128 20:57:29.169682 79175 3@pebble/event.go:1179 ⋮ [n1,s1,pebble] 400  [JOB 109] compacting(default) L0 [000133] (1.0MB) Score=8.14 + L6 [000128 000129] (7.5MB) Score=0.00; OverlappingRatio: Single 7.43, Multi 0.00
I251128 20:57:29.174080 106 3@pebble/event.go:1223 ⋮ [n1,s1,pebble] 401  [JOB 108] sstable deleted 000127
I251128 20:57:29.181796 79175 3@pebble/event.go:1219 ⋮ [n1,s1,pebble] 402  [JOB 109] compacting: sstable created 000136
I251128 20:57:29.181843 106 3@pebble/event.go:1223 ⋮ [n1,s1,pebble] 403  [JOB 108] sstable deleted 000132
I251128 20:57:31.266799 79175 3@pebble/event.go:1219 ⋮ [n1,s1,pebble] 404  [JOB 109] compacting: sstable created 000137
I251128 20:57:31.348834 79175 3@pebble/event.go:1219 ⋮ [n1,s1,pebble] 405  [JOB 109] compacting: sstable created 000138
I251128 20:57:31.368596 79175 3@pebble/event.go:1183 ⋮ [n1,s1,pebble] 406  [JOB 109] compacted(default) L0 [000133] (1.0MB) Score=8.14 + L6 [000128 000129] (7.5MB) Score=0.00 -> L6 [000136 000137 000138] (8.1MB), in 2.2s (2.2s total), output rate 3.7MB/s
I251128 20:57:31.368898 106 3@pebble/event.go:1223 ⋮ [n1,s1,pebble] 407  [JOB 109] sstable deleted 000128
I251128 20:57:31.369117 106 3@pebble/event.go:1223 ⋮ [n1,s1,pebble] 408  [JOB 109] sstable deleted 000129
I251128 20:57:31.369176 106 3@pebble/event.go:1223 ⋮ [n1,s1,pebble] 409  [JOB 109] sstable deleted 000133
I251128 20:58:47.401711 879 3@pebble/event.go:1239 ⋮ [n1,s1,pebble] 410  [JOB 110] WAL created 000139 (recycled 000090)
I251128 20:58:47.401876 83148 3@pebble/event.go:1191 ⋮ [n1,s1,pebble] 411  [JOB 111] flushing 1 memtable (64MB) to L0
I251128 20:58:47.409989 83148 3@pebble/event.go:1219 ⋮ [n1,s1,pebble] 412  [JOB 111] flushing: sstable created 000140
I251128 20:58:47.614013 83148 3@pebble/event.go:1219 ⋮ [n1,s1,pebble] 413  [JOB 111] flushing: sstable created 000141
I251128 20:58:47.630132 83148 3@pebble/event.go:1219 ⋮ [n1,s1,pebble] 414  [JOB 111] flushing: sstable created 000142
I251128 20:58:48.112767 83148 3@pebble/event.go:1195 ⋮ [n1,s1,pebble] 415  [JOB 111] flushed 1 memtable (64MB) to L0 [000140 000141 000142] (2.2MB), in 0.7s (0.7s total), output rate 3.2MB/s
I251128 20:58:48.112857 83209 3@pebble/event.go:1179 ⋮ [n1,s1,pebble] 416  [JOB 113] compacting(default) L0 [000140] (1.2MB) Score=7.58 + L6 [000134] (383KB) Score=0.00; OverlappingRatio: Single 0.32, Multi 0.00
I251128 20:58:48.128920 83209 3@pebble/event.go:1219 ⋮ [n1,s1,pebble] 417  [JOB 113] compacting: sstable created 000143
I251128 20:58:48.261661 83209 3@pebble/event.go:1183 ⋮ [n1,s1,pebble] 418  [JOB 113] compacted(default) L0 [000140] (1.2MB) Score=7.58 + L6 [000134] (383KB) Score=0.00 -> L6 [000143] (320KB), in 0.1s (0.1s total), output rate 2.3MB/s
I251128 20:58:48.261758 83007 3@pebble/event.go:1179 ⋮ [n1,s1,pebble] 419  [JOB 114] compacting(default) L0 [000141] (1.7KB) Score=7.63 + L6 [000135] (1.4KB) Score=0.00; OverlappingRatio: Single 0.81, Multi 0.00
I251128 20:58:48.262057 106 3@pebble/event.go:1223 ⋮ [n1,s1,pebble] 420  [JOB 113] sstable deleted 000134
I251128 20:58:48.265956 106 3@pebble/event.go:1223 ⋮ [n1,s1,pebble] 421  [JOB 113] sstable deleted 000140
I251128 20:58:48.278228 83007 3@pebble/event.go:1219 ⋮ [n1,s1,pebble] 422  [JOB 114] compacting: sstable created 000144
I251128 20:58:48.318620 83007 3@pebble/event.go:1183 ⋮ [n1,s1,pebble] 423  [JOB 114] compacted(default) L0 [000141] (1.7KB) Score=7.63 + L6 [000135] (1.4KB) Score=0.00 -> L6 [000144] (1.3KB), in 0.0s (0.1s total), output rate 36KB/s
I251128 20:58:48.318705 83178 3@pebble/event.go:1179 ⋮ [n1,s1,pebble] 424  [JOB 115] compacting(default) L0 [000142] (1.1MB) Score=7.63 + L6 [000136 000137 000138] (8.1MB) Score=0.00; OverlappingRatio: Single 7.65, Multi 0.00
I251128 20:58:48.326854 106 3@pebble/event.go:1223 ⋮ [n1,s1,pebble] 425  [JOB 114] sstable deleted 000135
I251128 20:58:48.338967 83178 3@pebble/event.go:1219 ⋮ [n1,s1,pebble] 426  [JOB 115] compacting: sstable created 000145
I251128 20:58:48.339008 106 3@pebble/event.go:1223 ⋮ [n1,s1,pebble] 427  [JOB 114] sstable deleted 000141
I251128 20:58:49.778819 83178 3@pebble/event.go:1219 ⋮ [n1,s1,pebble] 428  [JOB 115] compacting: sstable created 000146
I251128 20:58:49.857951 83178 3@pebble/event.go:1219 ⋮ [n1,s1,pebble] 429  [JOB 115] compacting: sstable created 000147
I251128 20:58:49.885289 83178 3@pebble/event.go:1183 ⋮ [n1,s1,pebble] 430  [JOB 115] compacted(default) L0 [000142] (1.1MB) Score=7.63 + L6 [000136 000137 000138] (8.1MB) Score=0.00 -> L6 [000145 000146 000147] (8.7MB), in 1.6s (1.6s total), output rate 5.6MB/s
I251128 20:58:49.889697 106 3@pebble/event.go:1223 ⋮ [n1,s1,pebble] 431  [JOB 115] sstable deleted 000136
I251128 20:58:49.890095 106 3@pebble/event.go:1223 ⋮ [n1,s1,pebble] 432  [JOB 115] sstable deleted 000137
I251128 20:58:49.890171 106 3@pebble/event.go:1223 ⋮ [n1,s1,pebble] 433  [JOB 115] sstable deleted 000138
I251128 20:58:49.890241 106 3@pebble/event.go:1223 ⋮ [n1,s1,pebble] 434  [JOB 115] sstable deleted 000142
I251128 21:00:05.836776 874 3@pebble/event.go:1239 ⋮ [n1,s1,pebble] 435  [JOB 116] WAL created 000148 (recycled 000098)
I251128 21:00:05.836878 87215 3@pebble/event.go:1191 ⋮ [n1,s1,pebble] 436  [JOB 117] flushing 1 memtable (64MB) to L0
I251128 21:00:05.837099 87215 3@pebble/event.go:1219 ⋮ [n1,s1,pebble] 437  [JOB 117] flushing: sstable created 000149
I251128 21:00:06.097822 87215 3@pebble/event.go:1219 ⋮ [n1,s1,pebble] 438  [JOB 117] flushing: sstable created 000150
I251128 21:00:06.113921 87215 3@pebble/event.go:1219 ⋮ [n1,s1,pebble] 439  [JOB 117] flushing: sstable created 000151
I251128 21:00:06.977912 87215 3@pebble/event.go:1219 ⋮ [n1,s1,pebble] 440  [JOB 117] flushing: sstable created 000152
I251128 21:00:07.029909 87215 3@pebble/event.go:1195 ⋮ [n1,s1,pebble] 441  [JOB 117] flushed 1 memtable (64MB) to L0 [000149 000150 000151 000152] (2.4MB), in 1.2s (1.2s total), output rate 2.0MB/s
I251128 21:00:07.030144 86640 3@pebble/event.go:1179 ⋮ [n1,s1,pebble] 442  [JOB 118] compacting(default) L0 [000149] (1.2MB) Score=7.11 + L6 [000143] (320KB) Score=0.00; OverlappingRatio: Single 0.27, Multi 0.00
I251128 21:00:07.038058 86640 3@pebble/event.go:1219 ⋮ [n1,s1,pebble] 443  [JOB 118] compacting: sstable created 000153
I251128 21:00:07.270832 86640 3@pebble/event.go:1183 ⋮ [n1,s1,pebble] 444  [JOB 118] compacted(default) L0 [000149] (1.2MB) Score=7.11 + L6 [000143] (320KB) Score=0.00 -> L6 [000153] (358KB), in 0.2s (0.2s total), output rate 1.5MB/s
I251128 21:00:07.270923 87316 3@pebble/event.go:1179 ⋮ [n1,s1,pebble] 445  [JOB 120] compacting(default) L0 [000150] (1.7KB) Score=7.08 + L6 [000144] (1.3KB) Score=0.00; OverlappingRatio: Single 0.77, Multi 0.00
I251128 21:00:07.274779 106 3@pebble/event.go:1223 ⋮ [n1,s1,pebble] 446  [JOB 118] sstable deleted 000143
I251128 21:00:07.283207 106 3@pebble/event.go:1223 ⋮ [n1,s1,pebble] 447  [JOB 118] sstable deleted 000149
I251128 21:00:07.287541 87316 3@pebble/event.go:1219 ⋮ [n1,s1,pebble] 448  [JOB 120] compacting: sstable created 000154
I251128 21:00:07.329852 87316 3@pebble/event.go:1183 ⋮ [n1,s1,pebble] 449  [JOB 120] compacted(default) L0 [000150] (1.7KB) Score=7.08 + L6 [000144] (1.3KB) Score=0.00 -> L6 [000154] (1.3KB), in 0.0s (0.1s total), output rate 34KB/s
I251128 21:00:07.329929 87244 3@pebble/event.go:1179 ⋮ [n1,s1,pebble] 450  [JOB 121] compacting(default) L0 [000151] (1.2MB) Score=7.08 + L6 [000145 000146] (8.0MB) Score=0.00; OverlappingRatio: Single 6.60, Multi 0.00
I251128 21:00:07.330140 106 3@pebble/event.go:1223 ⋮ [n1,s1,pebble] 451  [JOB 120] sstable deleted 000144
I251128 21:00:07.334343 106 3@pebble/event.go:1223 ⋮ [n1,s1,pebble] 452  [JOB 120] sstable deleted 000150
I251128 21:00:07.342110 87244 3@pebble/event.go:1219 ⋮ [n1,s1,pebble] 453  [JOB 121] compacting: sstable created 000155
I251128 21:00:10.128862 87244 3@pebble/event.go:1219 ⋮ [n1,s1,pebble] 454  [JOB 121] compacting: sstable created 000156
I251128 21:00:10.242907 87244 3@pebble/event.go:1219 ⋮ [n1,s1,pebble] 455  [JOB 121] compacting: sstable created 000157
I251128 21:00:10.277709 87244 3@pebble/event.go:1183 ⋮ [n1,s1,pebble] 456  [JOB 121] compacted(default) L0 [000151] (1.2MB) Score=7.08 + L6 [000145 000146] (8.0MB) Score=0.00 -> L6 [000155 000156 000157] (8.8MB), in 2.9s (2.9s total), output rate 3.0MB/s
I251128 21:00:10.277804 87369 3@pebble/event.go:1179 ⋮ [n1,s1,pebble] 457  [JOB 122] compacting(default) L0 [000152] (18KB) Score=6.50 + L6 [000147] (740KB) Score=0.00; OverlappingRatio: Single 40.25, Multi 0.00
I251128 21:00:10.278271 106 3@pebble/event.go:1223 ⋮ [n1,s1,pebble] 458  [JOB 121] sstable deleted 000145
I251128 21:00:10.278323 87369 3@pebble/event.go:1219 ⋮ [n1,s1,pebble] 459  [JOB 122] compacting: sstable created 000158
I251128 21:00:10.279806 106 3@pebble/event.go:1223 ⋮ [n1,s1,pebble] 460  [JOB 121] sstable deleted 000146
I251128 21:00:10.280024 106 3@pebble/event.go:1223 ⋮ [n1,s1,pebble] 461  [JOB 121] sstable deleted 000151
I251128 21:00:10.324660 87369 3@pebble/event.go:1183 ⋮ [n1,s1,pebble] 462  [JOB 122] compacted(default) L0 [000152] (18KB) Score=6.50 + L6 [000147] (740KB) Score=0.00 -> L6 [000158] (764KB), in 0.0s (0.0s total), output rate 17MB/s
I251128 21:00:10.330111 106 3@pebble/event.go:1223 ⋮ [n1,s1,pebble] 463  [JOB 122] sstable deleted 000147
I251128 21:00:10.334240 106 3@pebble/event.go:1223 ⋮ [n1,s1,pebble] 464  [JOB 122] sstable deleted 000152
I251128 21:01:24.066930 835 3@pebble/event.go:1239 ⋮ [n1,s1,pebble] 465  [JOB 123] WAL created 000159 (recycled 000106)
I251128 21:01:24.067005 91401 3@pebble/event.go:1191 ⋮ [n1,s1,pebble] 466  [JOB 124] flushing 1 memtable (63MB) to L0
I251128 21:01:24.071289 91401 3@pebble/event.go:1219 ⋮ [n1,s1,pebble] 467  [JOB 124] flushing: sstable created 000160
I251128 21:01:24.364991 91401 3@pebble/event.go:1219 ⋮ [n1,s1,pebble] 468  [JOB 124] flushing: sstable created 000161
I251128 21:01:24.393054 91401 3@pebble/event.go:1219 ⋮ [n1,s1,pebble] 469  [JOB 124] flushing: sstable created 000162
I251128 21:01:24.850919 91401 3@pebble/event.go:1195 ⋮ [n1,s1,pebble] 470  [JOB 124] flushed 1 memtable (63MB) to L0 [000160 000161 000162] (2.3MB), in 0.8s (0.8s total), output rate 3.0MB/s
I251128 21:01:24.850997 91406 3@pebble/event.go:1179 ⋮ [n1,s1,pebble] 471  [JOB 126] compacting(default) L0 [000160] (1.3MB) Score=6.49 + L6 [000153] (358KB) Score=0.00; OverlappingRatio: Single 0.27, Multi 0.00
I251128 21:01:24.859113 91406 3@pebble/event.go:1219 ⋮ [n1,s1,pebble] 472  [JOB 126] compacting: sstable created 000163
I251128 21:01:25.073795 91406 3@pebble/event.go:1183 ⋮ [n1,s1,pebble] 473  [JOB 126] compacted(default) L0 [000160] (1.3MB) Score=6.49 + L6 [000153] (358KB) Score=0.00 -> L6 [000163] (410KB), in 0.2s (0.2s total), output rate 1.9MB/s
I251128 21:01:25.073869 91385 3@pebble/event.go:1179 ⋮ [n1,s1,pebble] 474  [JOB 127] compacting(default) L0 [000161] (1.5KB) Score=6.45 + L6 [000154] (1.3KB) Score=0.00; OverlappingRatio: Single 0.87, Multi 0.00
I251128 21:01:25.078043 106 3@pebble/event.go:1223 ⋮ [n1,s1,pebble] 475  [JOB 126] sstable deleted 000153
I251128 21:01:25.089954 91385 3@pebble/event.go:1219 ⋮ [n1,s1,pebble] 476  [JOB 127] compacting: sstable created 000164
I251128 21:01:25.090013 106 3@pebble/event.go:1223 ⋮ [n1,s1,pebble] 477  [JOB 126] sstable deleted 000160
I251128 21:01:25.125744 91385 3@pebble/event.go:1183 ⋮ [n1,s1,pebble] 478  [JOB 127] compacted(default) L0 [000161] (1.5KB) Score=6.45 + L6 [000154] (1.3KB) Score=0.00 -> L6 [000164] (1.1KB), in 0.0s (0.1s total), output rate 29KB/s
I251128 21:01:25.125803 91432 3@pebble/event.go:1179 ⋮ [n1,s1,pebble] 479  [JOB 128] compacting(default) L0 [000162] (1.1MB) Score=6.45 + L6 [000155 000156 000157 000158] (9.5MB) Score=0.00; OverlappingRatio: Single 9.04, Multi 0.00
I251128 21:01:25.126023 106 3@pebble/event.go:1223 ⋮ [n1,s1,pebble] 480  [JOB 127] sstable deleted 000154
I251128 21:01:25.126093 106 3@pebble/event.go:1223 ⋮ [n1,s1,pebble] 481  [JOB 127] sstable deleted 000161
I251128 21:01:25.134115 91432 3@pebble/event.go:1219 ⋮ [n1,s1,pebble] 482  [JOB 128] compacting: sstable created 000165
I251128 21:01:28.147932 91432 3@pebble/event.go:1219 ⋮ [n1,s1,pebble] 483  [JOB 128] compacting: sstable created 000166
I251128 21:01:28.801788 91432 3@pebble/event.go:1219 ⋮ [n1,s1,pebble] 484  [JOB 128] compacting: sstable created 000167
I251128 21:01:28.858781 91432 3@pebble/event.go:1183 ⋮ [n1,s1,pebble] 485  [JOB 128] compacted(default) L0 [000162] (1.1MB) Score=6.45 + L6 [000155 000156 000157 000158] (9.5MB) Score=0.00 -> L6 [000165 000166 000167] (10MB), in 3.7s (3.7s total), output rate 2.7MB/s
I251128 21:01:28.859512 106 3@pebble/event.go:1223 ⋮ [n1,s1,pebble] 486  [JOB 128] sstable deleted 000155
I251128 21:01:28.859738 106 3@pebble/event.go:1223 ⋮ [n1,s1,pebble] 487  [JOB 128] sstable deleted 000156
I251128 21:01:28.859905 106 3@pebble/event.go:1223 ⋮ [n1,s1,pebble] 488  [JOB 128] sstable deleted 000157
I251128 21:01:28.859975 106 3@pebble/event.go:1223 ⋮ [n1,s1,pebble] 489  [JOB 128] sstable deleted 000158
I251128 21:01:28.860037 106 3@pebble/event.go:1223 ⋮ [n1,s1,pebble] 490  [JOB 128] sstable deleted 000162
I251128 21:02:43.461834 838 3@pebble/event.go:1239 ⋮ [n1,s1,pebble] 491  [JOB 129] WAL created 000168 (recycled 000114)
I251128 21:02:43.461926 95371 3@pebble/event.go:1191 ⋮ [n1,s1,pebble] 492  [JOB 130] flushing 1 memtable (63MB) to L0
I251128 21:02:43.462064 95371 3@pebble/event.go:1219 ⋮ [n1,s1,pebble] 493  [JOB 130] flushing: sstable created 000169
I251128 21:02:43.791150 95371 3@pebble/event.go:1219 ⋮ [n1,s1,pebble] 494  [JOB 130] flushing: sstable created 000170
I251128 21:02:43.813049 95371 3@pebble/event.go:1219 ⋮ [n1,s1,pebble] 495  [JOB 130] flushing: sstable created 000171
I251128 21:02:44.342010 95371 3@pebble/event.go:1195 ⋮ [n1,s1,pebble] 496  [JOB 130] flushed 1 memtable (63MB) to L0 [000169 000170 000171] (2.3MB), in 0.9s (0.9s total), output rate 2.7MB/s
I251128 21:02:44.342096 95459 3@pebble/event.go:1179 ⋮ [n1,s1,pebble] 497  [JOB 132] compacting(default) L0 [000169] (1.3MB) Score=6.06 + L6 [000163] (410KB) Score=0.00; OverlappingRatio: Single 0.31, Multi 0.00
I251128 21:02:44.358050 95459 3@pebble/event.go:1219 ⋮ [n1,s1,pebble] 498  [JOB 132] compacting: sstable created 000172
I251128 21:02:44.609892 95459 3@pebble/event.go:1183 ⋮ [n1,s1,pebble] 499  [JOB 132] compacted(default) L0 [000169] (1.3MB) Score=6.06 + L6 [000163] (410KB) Score=0.00 -> L6 [000172] (426KB), in 0.2s (0.3s total), output rate 1.7MB/s
I251128 21:02:44.609969 95403 3@pebble/event.go:1179 ⋮ [n1,s1,pebble] 500  [JOB 133] compacting(default) L0 [000170] (1.8KB) Score=6.05 + L6 [000164] (1.1KB) Score=0.00; OverlappingRatio: Single 0.62, Multi 0.00
I251128 21:02:44.610211 106 3@pebble/event.go:1223 ⋮ [n1,s1,pebble] 501  [JOB 132] sstable deleted 000163
I251128 21:02:44.614292 106 3@pebble/event.go:1223 ⋮ [n1,s1,pebble] 502  [JOB 132] sstable deleted 000169
I251128 21:02:44.622163 95403 3@pebble/event.go:1219 ⋮ [n1,s1,pebble] 503  [JOB 133] compacting: sstable created 000173
I251128 21:02:44.655903 95403 3@pebble/event.go:1183 ⋮ [n1,s1,pebble] 504  [JOB 133] compacted(default) L0 [000170] (1.8KB) Score=6.05 + L6 [000164] (1.1KB) Score=0.00 -> L6 [000173] (1.5KB), in 0.0s (0.0s total), output rate 46KB/s
I251128 21:02:44.655969 95406 3@pebble/event.go:1179 ⋮ [n1,s1,pebble] 505  [JOB 134] compacting(default) L0 [000171] (1.0MB) Score=6.05 + L6 [000165 000166 000167] (10MB) Score=0.00; OverlappingRatio: Single 9.73, Multi 0.00
I251128 21:02:44.656377 106 3@pebble/event.go:1223 ⋮ [n1,s1,pebble] 506  [JOB 133] sstable deleted 000164
I251128 21:02:44.660377 106 3@pebble/event.go:1223 ⋮ [n1,s1,pebble] 507  [JOB 133] sstable deleted 000170
I251128 21:02:44.668242 95406 3@pebble/event.go:1219 ⋮ [n1,s1,pebble] 508  [JOB 134] compacting: sstable created 000174
I251128 21:02:46.506394 95406 3@pebble/event.go:1219 ⋮ [n1,s1,pebble] 509  [JOB 134] compacting: sstable created 000175
I251128 21:02:46.597390 95406 3@pebble/event.go:1219 ⋮ [n1,s1,pebble] 510  [JOB 134] compacting: sstable created 000176
I251128 21:02:46.669863 95406 3@pebble/event.go:1183 ⋮ [n1,s1,pebble] 511  [JOB 134] compacted(default) L0 [000171] (1.0MB) Score=6.05 + L6 [000165 000166 000167] (10MB) Score=0.00 -> L6 [000174 000175 000176] (11MB), in 2.0s (2.0s total), output rate 5.3MB/s
I251128 21:02:46.670153 106 3@pebble/event.go:1223 ⋮ [n1,s1,pebble] 512  [JOB 134] sstable deleted 000165
I251128 21:02:46.670415 106 3@pebble/event.go:1223 ⋮ [n1,s1,pebble] 513  [JOB 134] sstable deleted 000166
I251128 21:02:46.670867 106 3@pebble/event.go:1223 ⋮ [n1,s1,pebble] 514  [JOB 134] sstable deleted 000167
I251128 21:02:46.670934 106 3@pebble/event.go:1223 ⋮ [n1,s1,pebble] 515  [JOB 134] sstable deleted 000171
I251128 21:04:03.189940 847 3@pebble/event.go:1239 ⋮ [n1,s1,pebble] 516  [JOB 135] WAL created 000177 (recycled 000122)
I251128 21:04:03.190036 99602 3@pebble/event.go:1191 ⋮ [n1,s1,pebble] 517  [JOB 136] flushing 1 memtable (64MB) to L0
I251128 21:04:03.194325 99602 3@pebble/event.go:1219 ⋮ [n1,s1,pebble] 518  [JOB 136] flushing: sstable created 000178
I251128 21:04:03.441236 99602 3@pebble/event.go:1219 ⋮ [n1,s1,pebble] 519  [JOB 136] flushing: sstable created 000179
I251128 21:04:03.474520 99602 3@pebble/event.go:1219 ⋮ [n1,s1,pebble] 520  [JOB 136] flushing: sstable created 000180
I251128 21:04:03.562923 99602 3@pebble/event.go:1195 ⋮ [n1,s1,pebble] 521  [JOB 136] flushed 1 memtable (64MB) to L0 [000178 000179 000180] (2.4MB), in 0.4s (0.4s total), output rate 6.6MB/s
I251128 21:04:03.562996 99637 3@pebble/event.go:1179 ⋮ [n1,s1,pebble] 522  [JOB 138] compacting(default) L0 [000178] (1.3MB) Score=5.74 + L6 [000172] (426KB) Score=0.00; OverlappingRatio: Single 0.33, Multi 0.00
I251128 21:04:03.576164 99637 3@pebble/event.go:1219 ⋮ [n1,s1,pebble] 523  [JOB 138] compacting: sstable created 000181
I251128 21:04:03.741926 99637 3@pebble/event.go:1183 ⋮ [n1,s1,pebble] 524  [JOB 138] compacted(default) L0 [000178] (1.3MB) Score=5.74 + L6 [000172] (426KB) Score=0.00 -> L6 [000181] (328KB), in 0.2s (0.2s total), output rate 2.0MB/s
I251128 21:04:03.741997 99128 3@pebble/event.go:1179 ⋮ [n1,s1,pebble] 525  [JOB 139] compacting(default) L0 [000179] (1.5KB) Score=5.79 + L6 [000173] (1.5KB) Score=0.00; OverlappingRatio: Single 0.99, Multi 0.00
I251128 21:04:03.746531 106 3@pebble/event.go:1223 ⋮ [n1,s1,pebble] 526  [JOB 138] sstable deleted 000172
I251128 21:04:03.758433 99128 3@pebble/event.go:1219 ⋮ [n1,s1,pebble] 527  [JOB 139] compacting: sstable created 000182
I251128 21:04:03.758484 106 3@pebble/event.go:1223 ⋮ [n1,s1,pebble] 528  [JOB 138] sstable deleted 000178
I251128 21:04:03.801959 99128 3@pebble/event.go:1183 ⋮ [n1,s1,pebble] 529  [JOB 139] compacted(default) L0 [000179] (1.5KB) Score=5.79 + L6 [000173] (1.5KB) Score=0.00 -> L6 [000182] (1.1KB), in 0.0s (0.1s total), output rate 24KB/s
I251128 21:04:03.802025 99449 3@pebble/event.go:1179 ⋮ [n1,s1,pebble] 530  [JOB 140] compacting(default) L0 [000180] (1.1MB) Score=5.79 + L6 [000174 000175 000176] (11MB) Score=0.00; OverlappingRatio: Single 9.68, Multi 0.00
I251128 21:04:03.806398 106 3@pebble/event.go:1223 ⋮ [n1,s1,pebble] 531  [JOB 139] sstable deleted 000173
I251128 21:04:03.814330 99449 3@pebble/event.go:1219 ⋮ [n1,s1,pebble] 532  [JOB 140] compacting: sstable created 000183
I251128 21:04:03.814364 106 3@pebble/event.go:1223 ⋮ [n1,s1,pebble] 533  [JOB 139] sstable deleted 000179
I251128 21:04:06.869284 99449 3@pebble/event.go:1219 ⋮ [n1,s1,pebble] 534  [JOB 140] compacting: sstable created 000184
I251128 21:04:08.450239 99449 3@pebble/event.go:1219 ⋮ [n1,s1,pebble] 535  [JOB 140] compacting: sstable created 000185
I251128 21:04:09.946018 99449 3@pebble/event.go:1183 ⋮ [n1,s1,pebble] 536  [JOB 140] compacted(default) L0 [000180] (1.1MB) Score=5.79 + L6 [000174 000175 000176] (11MB) Score=0.00 -> L6 [000183 000184 000185] (11MB), in 6.1s (6.1s total), output rate 1.9MB/s
I251128 21:04:09.950091 106 3@pebble/event.go:1223 ⋮ [n1,s1,pebble] 537  [JOB 140] sstable deleted 000174
I251128 21:04:09.950828 106 3@pebble/event.go:1223 ⋮ [n1,s1,pebble] 538  [JOB 140] sstable deleted 000175
I251128 21:04:09.954500 106 3@pebble/event.go:1223 ⋮ [n1,s1,pebble] 539  [JOB 140] sstable deleted 000176
I251128 21:04:09.958386 106 3@pebble/event.go:1223 ⋮ [n1,s1,pebble] 540  [JOB 140] sstable deleted 000180
I251128 21:05:19.139960 874 3@pebble/event.go:1239 ⋮ [n1,s1,pebble] 541  [JOB 141] WAL created 000186 (recycled 000130)
I251128 21:05:19.140036 104221 3@pebble/event.go:1191 ⋮ [n1,s1,pebble] 542  [JOB 142] flushing 1 memtable (64MB) to L0
I251128 21:05:19.148405 104221 3@pebble/event.go:1219 ⋮ [n1,s1,pebble] 543  [JOB 142] flushing: sstable created 000187
I251128 21:05:19.435395 104221 3@pebble/event.go:1219 ⋮ [n1,s1,pebble] 544  [JOB 142] flushing: sstable created 000188
I251128 21:05:19.467382 104221 3@pebble/event.go:1219 ⋮ [n1,s1,pebble] 545  [JOB 142] flushing: sstable created 000189
I251128 21:05:19.991978 104221 3@pebble/event.go:1195 ⋮ [n1,s1,pebble] 546  [JOB 142] flushed 1 memtable (64MB) to L0 [000187 000188 000189] (2.3MB), in 0.8s (0.9s total), output rate 2.7MB/s
I251128 21:05:19.992066 104011 3@pebble/event.go:1179 ⋮ [n1,s1,pebble] 547  [JOB 144] compacting(default) L0 [000187] (1.2MB) Score=5.44 + L6 [000181] (328KB) Score=0.00; OverlappingRatio: Single 0.27, Multi 0.00
I251128 21:05:20.000196 104011 3@pebble/event.go:1219 ⋮ [n1,s1,pebble] 548  [JOB 144] compacting: sstable created 000190
I251128 21:05:20.203943 104011 3@pebble/event.go:1183 ⋮ [n1,s1,pebble] 549  [JOB 144] compacted(default) L0 [000187] (1.2MB) Score=5.44 + L6 [000181] (328KB) Score=0.00 -> L6 [000190] (307KB), in 0.2s (0.2s total), output rate 1.6MB/s
I251128 21:05:20.204026 104296 3@pebble/event.go:1179 ⋮ [n1,s1,pebble] 550  [JOB 145] compacting(default) L0 [000188] (1.8KB) Score=5.45 + L6 [000182] (1.1KB) Score=0.00; OverlappingRatio: Single 0.57, Multi 0.00
I251128 21:05:20.204246 106 3@pebble/event.go:1223 ⋮ [n1,s1,pebble] 551  [JOB 144] sstable deleted 000181
I251128 21:05:20.208472 106 3@pebble/event.go:1223 ⋮ [n1,s1,pebble] 552  [JOB 144] sstable deleted 000187
I251128 21:05:20.208522 104296 3@pebble/event.go:1219 ⋮ [n1,s1,pebble] 553  [JOB 145] compacting: sstable created 000191
I251128 21:05:20.232157 104296 3@pebble/event.go:1183 ⋮ [n1,s1,pebble] 554  [JOB 145] compacted(default) L0 [000188] (1.8KB) Score=5.45 + L6 [000182] (1.1KB) Score=0.00 -> L6 [000191] (1.5KB), in 0.0s (0.0s total), output rate 92KB/s
I251128 21:05:20.232204 104299 3@pebble/event.go:1179 ⋮ [n1,s1,pebble] 555  [JOB 146] compacting(default) L0 [000189] (1.1MB) Score=5.45 + L6 [000183 000184 000185] (11MB) Score=0.00; OverlappingRatio: Single 10.55, Multi 0.00
I251128 21:05:20.232632 106 3@pebble/event.go:1223 ⋮ [n1,s1,pebble] 556  [JOB 145] sstable deleted 000182
I251128 21:05:20.241438 106 3@pebble/event.go:1223 ⋮ [n1,s1,pebble] 557  [JOB 145] sstable deleted 000188
I251128 21:05:20.257210 104299 3@pebble/event.go:1219 ⋮ [n1,s1,pebble] 558  [JOB 146] compacting: sstable created 000192
I251128 21:05:20.352061 104299 3@pebble/event.go:1219 ⋮ [n1,s1,pebble] 559  [JOB 146] compacting: sstable created 000193
I251128 21:05:20.431173 104299 3@pebble/event.go:1219 ⋮ [n1,s1,pebble] 560  [JOB 146] compacting: sstable created 000194
I251128 21:05:20.511047 104299 3@pebble/event.go:1219 ⋮ [n1,s1,pebble] 561  [JOB 146] compacting: sstable created 000195
I251128 21:05:20.530935 104299 3@pebble/event.go:1183 ⋮ [n1,s1,pebble] 562  [JOB 146] compacted(default) L0 [000189] (1.1MB) Score=5.45 + L6 [000183 000184 000185] (11MB) Score=0.00 -> L6 [000192 000193 000194 000195] (12MB), in 0.3s (0.3s total), output rate 41MB/s
I251128 21:05:20.531282 106 3@pebble/event.go:1223 ⋮ [n1,s1,pebble] 563  [JOB 146] sstable deleted 000183
I251128 21:05:20.531528 106 3@pebble/event.go:1223 ⋮ [n1,s1,pebble] 564  [JOB 146] sstable deleted 000184
I251128 21:05:20.531630 106 3@pebble/event.go:1223 ⋮ [n1,s1,pebble] 565  [JOB 146] sstable deleted 000185
I251128 21:05:20.531701 106 3@pebble/event.go:1223 ⋮ [n1,s1,pebble] 566  [JOB 146] sstable deleted 000189
I251128 21:06:34.062238 834 3@pebble/event.go:1239 ⋮ [n1,s1,pebble] 567  [JOB 147] WAL created 000196 (recycled 000139)
I251128 21:06:34.062347 108347 3@pebble/event.go:1191 ⋮ [n1,s1,pebble] 568  [JOB 148] flushing 1 memtable (64MB) to L0
I251128 21:06:34.062550 108347 3@pebble/event.go:1219 ⋮ [n1,s1,pebble] 569  [JOB 148] flushing: sstable created 000197
I251128 21:06:34.446536 108347 3@pebble/event.go:1219 ⋮ [n1,s1,pebble] 570  [JOB 148] flushing: sstable created 000198
I251128 21:06:34.471517 108347 3@pebble/event.go:1219 ⋮ [n1,s1,pebble] 571  [JOB 148] flushing: sstable created 000199
I251128 21:06:35.092258 108347 3@pebble/event.go:1195 ⋮ [n1,s1,pebble] 572  [JOB 148] flushed 1 memtable (64MB) to L0 [000197 000198 000199] (2.4MB), in 1.0s (1.0s total), output rate 2.4MB/s
I251128 21:06:35.092344 108405 3@pebble/event.go:1179 ⋮ [n1,s1,pebble] 573  [JOB 150] compacting(default) L0 [000197] (1.3MB) Score=5.16 + L6 [000190] (307KB) Score=0.00; OverlappingRatio: Single 0.23, Multi 0.00
I251128 21:06:35.112462 108405 3@pebble/event.go:1219 ⋮ [n1,s1,pebble] 574  [JOB 150] compacting: sstable created 000200
I251128 21:06:35.335197 108405 3@pebble/event.go:1183 ⋮ [n1,s1,pebble] 575  [JOB 150] compacted(default) L0 [000197] (1.3MB) Score=5.16 + L6 [000190] (307KB) Score=0.00 -> L6 [000200] (447KB), in 0.2s (0.2s total), output rate 1.9MB/s
I251128 21:06:35.335287 108305 3@pebble/event.go:1179 ⋮ [n1,s1,pebble] 576  [JOB 151] compacting(default) L0 [000198] (1.9KB) Score=5.10 + L6 [000191] (1.5KB) Score=0.00; OverlappingRatio: Single 0.76, Multi 0.00
I251128 21:06:35.340115 106 3@pebble/event.go:1223 ⋮ [n1,s1,pebble] 577  [JOB 150] sstable deleted 000190
I251128 21:06:35.343633 106 3@pebble/event.go:1223 ⋮ [n1,s1,pebble] 578  [JOB 150] sstable deleted 000197
I251128 21:06:35.347636 108305 3@pebble/event.go:1219 ⋮ [n1,s1,pebble] 579  [JOB 151] compacting: sstable created 000201
I251128 21:06:35.378172 108305 3@pebble/event.go:1183 ⋮ [n1,s1,pebble] 580  [JOB 151] compacted(default) L0 [000198] (1.9KB) Score=5.10 + L6 [000191] (1.5KB) Score=0.00 -> L6 [000201] (1.3KB), in 0.0s (0.0s total), output rate 50KB/s
I251128 21:06:35.378235 108451 3@pebble/event.go:1179 ⋮ [n1,s1,pebble] 581  [JOB 152] compacting(default) L0 [000199] (1.1MB) Score=5.10 + L6 [000192 000193 000194 000195] (12MB) Score=0.00; OverlappingRatio: Single 11.01, Multi 0.00
I251128 21:06:35.378497 106 3@pebble/event.go:1223 ⋮ [n1,s1,pebble] 582  [JOB 151] sstable deleted 000191
I251128 21:06:35.382403 106 3@pebble/event.go:1223 ⋮ [n1,s1,pebble] 583  [JOB 151] sstable deleted 000198
I251128 21:06:35.390551 108451 3@pebble/event.go:1219 ⋮ [n1,s1,pebble] 584  [JOB 152] compacting: sstable created 000202
I251128 21:06:36.444127 108451 3@pebble/event.go:1219 ⋮ [n1,s1,pebble] 585  [JOB 152] compacting: sstable created 000203
I251128 21:06:36.534071 108451 3@pebble/event.go:1219 ⋮ [n1,s1,pebble] 586  [JOB 152] compacting: sstable created 000204
I251128 21:06:36.614258 108451 3@pebble/event.go:1219 ⋮ [n1,s1,pebble] 587  [JOB 152] compacting: sstable created 000205
I251128 21:06:36.627990 108451 3@pebble/event.go:1183 ⋮ [n1,s1,pebble] 588  [JOB 152] compacted(default) L0 [000199] (1.1MB) Score=5.10 + L6 [000192 000193 000194 000195] (12MB) Score=0.00 -> L6 [000202 000203 000204 000205] (13MB), in 1.2s (1.2s total), output rate 10MB/s
I251128 21:06:36.628276 106 3@pebble/event.go:1223 ⋮ [n1,s1,pebble] 589  [JOB 152] sstable deleted 000192
I251128 21:06:36.630643 106 3@pebble/event.go:1223 ⋮ [n1,s1,pebble] 590  [JOB 152] sstable deleted 000193
I251128 21:06:36.630849 106 3@pebble/event.go:1223 ⋮ [n1,s1,pebble] 591  [JOB 152] sstable deleted 000194
I251128 21:06:36.631082 106 3@pebble/event.go:1223 ⋮ [n1,s1,pebble] 592  [JOB 152] sstable deleted 000195
I251128 21:06:36.631138 106 3@pebble/event.go:1223 ⋮ [n1,s1,pebble] 593  [JOB 152] sstable deleted 000199
